ano;uf;p10;p20;p30;p40;p50;p60;p70;p80;p90;idade;educ;uf_12;uf_13;uf_14;uf_15;uf_16;uf_17;uf_21;uf_22;uf_23;uf_24;uf_25;uf_26;uf_27;uf_28;uf_29;uf_31;uf_32;uf_33;uf_35;uf_41;uf_42;uf_43;uf_50;uf_51;uf_52;uf_53;sal_min
2012,0;11;350,0;545,0;622,0;750,0;900,0;1000,0;1300,0;1800,0;2600,0;35,76080084299262;9,141464699683878;0;0;0;0;0;0;0;0;0;0;0;0;0;0;0;0;0;0;0;0;0;0;0;0;0;0;622
2012,0;12;300,0;500,0;622,0;700,0;800,0;1000,0;1250,0;1800,0;2800,0;36,11237830319889;9,224200278164117;1;0;0;0;0;0;0;0;0;0;0;0;0;0;0;0;0;0;0;0;0;0;0;0;0;0;622
2012,0;13;250,0;400,0;600,0;622,0;712,0;864,1999999999998;1100,0;1500,0;2339,3;35,86809929603557;9,345127825120414;0;1;0;0;0;0;0;0;0;0;0;0;0;0;0;0;0;0;0;0;0;0;0;0;0;0;622
2012,0;14;400,0;561,6;622,0;640,0;800,0;1000,0;1244,0;2000,0;3000,0;34,94106280193237;10,514975845410628;0;0;1;0;0;0;0;0;0;0;0;0;0;0;0;0;0;0;0;0;0;0;0;0;0;0;622
2012,0;15;200,0;300,0;500,0;600,0;622,0;800,0;1000,0;1300,0;2000,0;35,810434032768036;8,648462201782122;0;0;0;1;0;0;0;0;0;0;0;0;0;0;0;0;0;0;0;0;0;0;0;0;0;0;622
2012,0;16;300,0;480,0;600,0;622,0;736,0;900,0;1200,0;1800,0;2800,0;35,66369213608478;9,827663134411601;0;0;0;0;1;0;0;0;0;0;0;0;0;0;0;0;0;0;0;0;0;0;0;0;0;0;622
2012,0;17;250,0;480,0;600,0;622,0;700,0;860,0;1100,0;1500,0;2400,0;35,278505269881826;9,46247205365698;0;0;0;0;0;1;0;0;0;0;0;0;0;0;0;0;0;0;0;0;0;0;0;0;0;0;622
2012,0;21;100,0;180,0;280,0;400,0;545,0;622,0;740,0;1000,0;1500,0;35,8132165748849;7,980229303963167;0;0;0;0;0;0;1;0;0;0;0;0;0;0;0;0;0;0;0;0;0;0;0;0;0;0;622
2012,0;22;90,0;160,0;300,0;424,0000000000009;600,0;622,0;800,0;1090,0;1600,0;36,907196138657305;8,338306274681878;0;0;0;0;0;0;0;1;0;0;0;0;0;0;0;0;0;0;0;0;0;0;0;0;0;0;622
2012,0;23;121,80000000000018;220,0;350,0;500,0;600,0;622,0;760,0;1000,0;1500,0;36,065921556452444;8,55034668322467;0;0;0;0;0;0;0;0;1;0;0;0;0;0;0;0;0;0;0;0;0;0;0;0;0;0;622
2012,0;24;220,0;400,0;545,0;622,0;622,0;720,0;900,0;1200,0;2000,0;36,00812801625603;8,980949961899924;0;0;0;0;0;0;0;0;0;1;0;0;0;0;0;0;0;0;0;0;0;0;0;0;0;0;622
2012,0;25;140,0;250,0;400,0;545,0;622,0;650,0;800,0;1093,6000000000022;1800,0;36,62346723044397;8,279069767441861;0;0;0;0;0;0;0;0;0;0;1;0;0;0;0;0;0;0;0;0;0;0;0;0;0;0;622
2012,0;26;200,0;400,0;545,0;622,0;622,0;750,0;1000,0;1244,0;2000,0;36,29009724695247;8,980961512121628;0;0;0;0;0;0;0;0;0;0;0;1;0;0;0;0;0;0;0;0;0;0;0;0;0;0;622
2012,0;27;200,0;400,0;545,0;622,0;622,0;690,0;800,0;1000,0;1600,0;35,92948308870453;8,099393746011486;0;0;0;0;0;0;0;0;0;0;0;0;1;0;0;0;0;0;0;0;0;0;0;0;0;0;622
2012,0;28;200,0;300,0;450,0;600,0;622,0;700,0;890,0;1200,0;2064,5;36,11369253583786;8,33292140385566;0;0;0;0;0;0;0;0;0;0;0;0;0;1;0;0;0;0;0;0;0;0;0;0;0;0;622
2012,0;29;150,0;250,0;400,0;545,0;622,0;650,0;800,0;1100,0;1800,0;36,34819810750956;8,484799677873967;0;0;0;0;0;0;0;0;0;0;0;0;0;0;1;0;0;0;0;0;0;0;0;0;0;0;622
2012,0;31;316,0;570,0;622,0;700,0;800,0;1000,0;1200,0;1600,0;2500,0;36,642365233911185;9,304025172168132;0;0;0;0;0;0;0;0;0;0;0;0;0;0;0;1;0;0;0;0;0;0;0;0;0;0;622
2012,0;32;400,0;600,0;622,0;735,0;850,0;1000,0;1300,0;1800,0;2700,0;36,38384077715911;9,85890297358133;0;0;0;0;0;0;0;0;0;0;0;0;0;0;0;0;1;0;0;0;0;0;0;0;0;0;622
2012,0;33;545,0;622,0;680,0;800,0;900,0;1090,0;1300,0;1800,0;3000,0;37,75614102074583;10,426244113529338;0;0;0;0;0;0;0;0;0;0;0;0;0;0;0;0;0;1;0;0;0;0;0;0;0;0;622
2012,0;35;550,0;650,0;800,0;900,0;1000,0;1200,0;1500,0;2000,0;3000,0;36,59070994985484;10,475217735550277;0;0;0;0;0;0;0;0;0;0;0;0;0;0;0;0;0;0;1;0;0;0;0;0;0;0;622
2012,0;41;500,0;622,0;730,0;840,0;1000,0;1200,0;1500,0;2000,0;3000,0;36,671742671009774;9,887214983713354;0;0;0;0;0;0;0;0;0;0;0;0;0;0;0;0;0;0;0;1;0;0;0;0;0;0;622
2012,0;42;600,0;700,0;800,0;1000,0;1100,0;1300,0;1600,0;2000,0;3000,0;35,940724774349995;10,166913646773542;0;0;0;0;0;0;0;0;0;0;0;0;0;0;0;0;0;0;0;0;1;0;0;0;0;0;622
2012,0;43;450,0;622,0;700,0;800,0;1000,0;1200,0;1500,0;2000,0;3000,0;37,50424528301887;9,976100628930817;0;0;0;0;0;0;0;0;0;0;0;0;0;0;0;0;0;0;0;0;0;1;0;0;0;0;622
2012,0;50;421,80000000000007;622,0;700,0;800,0;970,0;1200,0;1500,0;2000,0;3000,0;36,08249496981891;9,569014084507042;0;0;0;0;0;0;0;0;0;0;0;0;0;0;0;0;0;0;0;0;0;0;1;0;0;0;622
2012,0;51;500,0;622,0;700,0;800,0;950,0;1180,0;1400,0;1830,0;3000,0;35,97483421186873;9,725386838972964;0;0;0;0;0;0;0;0;0;0;0;0;0;0;0;0;0;0;0;0;0;0;0;1;0;0;622
2012,0;52;500,0;622,0;623,0;800,0;900,0;1090,0;1300,0;1800,0;2700,0;36,21594221264732;9,570650107717652;0;0;0;0;0;0;0;0;0;0;0;0;0;0;0;0;0;0;0;0;0;0;0;0;1;0;622
2012,0;53;600,0;650,0;800,0;963,6000000000008;1200,0;1500,0;2200,0;3500,0;5500,0;35,86292134831461;11,122596754057428;0;0;0;0;0;0;0;0;0;0;0;0;0;0;0;0;0;0;0;0;0;0;0;0;0;1;622
2013,0;11;400,0;622,0;700,0;800,0;950,0;1100,0;1341,9999999999982;1800,0;2800,0;36,1622418879056;9,222579780101904;0;0;0;0;0;0;0;0;0;0;0;0;0;0;0;0;0;0;0;0;0;0;0;0;0;0;678
2013,0;12;300,0;500,0;670,0;700,0;800,0;1000,0;1271,1999999999898;1875,6000000000022;3000,0;36,169059478464696;9,321711104600059;1;0;0;0;0;0;0;0;0;0;0;0;0;0;0;0;0;0;0;0;0;0;0;0;0;0;678
2013,0;13;300,0;500,0;622,0;678,0;800,0;900,0;1200,0;1500,0;2500,0;36,57351851851852;9,539074074074074;0;1;0;0;0;0;0;0;0;0;0;0;0;0;0;0;0;0;0;0;0;0;0;0;0;0;678
2013,0;14;400,0;622,0;678,0;700,0;800,0;1000,0;1500,0;2000,0;3312,0000000000027;35,6354609929078;10,6903073286052;0;0;1;0;0;0;0;0;0;0;0;0;0;0;0;0;0;0;0;0;0;0;0;0;0;0;678
2013,0;15;250,0;400,0;540,0;660,8000000000002;700,0;813,7999999999984;1017,0;1400,0;2200,0;36,345485375158965;8,725024727992087;0;0;0;1;0;0;0;0;0;0;0;0;0;0;0;0;0;0;0;0;0;0;0;0;0;0;678
2013,0;16;400,0;600,0;678,0;700,0;800,0;1000,0;1284,599999999999;2000,0;3000,0;36,36395348837209;9,990697674418605;0;0;0;0;1;0;0;0;0;0;0;0;0;0;0;0;0;0;0;0;0;0;0;0;0;0;678
2013,0;17;300,0;400,0;622,0;678,0;700,0;850,0;1057,5;1500,0;2500,0;36,20961281708945;9,328104138851803;0;0;0;0;0;1;0;0;0;0;0;0;0;0;0;0;0;0;0;0;0;0;0;0;0;0;678
2013,0;21;120,0;200,0;300,0;480,0;622,0;678,0;800,0;1000,0;1500,0;36,076317038443285;8,216990982439487;0;0;0;0;0;0;1;0;0;0;0;0;0;0;0;0;0;0;0;0;0;0;0;0;0;0;678
2013,0;22;100,0;200,0;300,0;500,0;678,0;678,7999999999997;850,0;1200,0;2000,0;37,29172382258802;8,330361225422953;0;0;0;0;0;0;0;1;0;0;0;0;0;0;0;0;0;0;0;0;0;0;0;0;0;0;678
2013,0;23;150,0;300,0;450,0;622,0;678,0;678,0;800,0;1094,0000000000055;1800,0;35,74363419655434;9,021995882544154;0;0;0;0;0;0;0;0;1;0;0;0;0;0;0;0;0;0;0;0;0;0;0;0;0;0;678
2013,0;24;250,0;400,0;622,0;678,0;678,0;800,0;1000,0;1244,0;2000,0;35,95848869003231;9,245090728312205;0;0;0;0;0;0;0;0;0;1;0;0;0;0;0;0;0;0;0;0;0;0;0;0;0;0;678
2013,0;25;160,0;300,0;500,0;622,0;678,0;705,0;900,0;1200,0;2000,0;36,58142520864541;8,60539268136101;0;0;0;0;0;0;0;0;0;0;1;0;0;0;0;0;0;0;0;0;0;0;0;0;0;0;678
2013,0;26;250,0;450,0;622,0;678,0;700,0;800,0;1000,0;1356,0;2109,500000000002;36,565255474452556;9,19970802919708;0;0;0;0;0;0;0;0;0;0;0;1;0;0;0;0;0;0;0;0;0;0;0;0;0;0;678
2013,0;27;250,0;400,0;622,0;678,0;678,0;700,0;824,0999999999995;1017,0;1600,0;36,24187558031569;8,371556793562364;0;0;0;0;0;0;0;0;0;0;0;0;1;0;0;0;0;0;0;0;0;0;0;0;0;0;678
2013,0;28;200,0;300,0;500,0;622,0;678,0;800,0;1000,0;1356,0;2300,0;36,16450970632155;8,5370831259333;0;0;0;0;0;0;0;0;0;0;0;0;0;1;0;0;0;0;0;0;0;0;0;0;0;0;678
2013,0;29;160,0;300,0;450,0;622,0;678,0;700,0;850,0;1200,0;1900,0;36,52462999779103;8,693063839187099;0;0;0;0;0;0;0;0;0;0;0;0;0;0;1;0;0;0;0;0;0;0;0;0;0;0;678
2013,0;31;400,0;622,0;678,0;800,0;900,0;1100,0;1350,0;1800,0;2800,0;36,949997051712955;9,531399257031664;0;0;0;0;0;0;0;0;0;0;0;0;0;0;0;1;0;0;0;0;0;0;0;0;0;0;678
2013,0;32;500,0;678,0;700,0;800,0;920,0;1115,1999999999998;1400,0;1900,0;3000,0;37,04089797732829;9,915314514336519;0;0;0;0;0;0;0;0;0;0;0;0;0;0;0;0;1;0;0;0;0;0;0;0;0;0;678
2013,0;33;622,0;678,0;750,0;804,0;1000,0;1200,0;1400,0;2000,0;3000,0;38,09451331778569;10,511722106296796;0;0;0;0;0;0;0;0;0;0;0;0;0;0;0;0;0;1;0;0;0;0;0;0;0;0;678
2013,0;35;622,0;720,0;850,0;1000,0;1200,0;1400,0;1700,0;2000,0;3000,0;36,9047367587263;10,670908802872683;0;0;0;0;0;0;0;0;0;0;0;0;0;0;0;0;0;0;1;0;0;0;0;0;0;0;678
2013,0;41;550,0;700,0;800,0;930,0;1100,0;1300,0;1513,0;2000,0;3000,0;36,9377571232668;10,074051500838031;0;0;0;0;0;0;0;0;0;0;0;0;0;0;0;0;0;0;0;1;0;0;0;0;0;0;678
2013,0;42;650,0;800,0;900,0;1000,0;1200,0;1350,0;1600,0;2000,0;3000,0;36,320183424371166;10,309393755479128;0;0;0;0;0;0;0;0;0;0;0;0;0;0;0;0;0;0;0;0;1;0;0;0;0;0;678
2013,0;43;500,0;678,0;800,0;933,0;1100,0;1300,0;1600,0;2000,0;3200,0;37,91822316063018;10,181338314114017;0;0;0;0;0;0;0;0;0;0;0;0;0;0;0;0;0;0;0;0;0;1;0;0;0;0;678
2013,0;50;500,0;678,0;700,0;800,0;1000,0;1200,0;1452,7999999999984;2000,0;3000,0;36,29150695985475;9,370183578777487;0;0;0;0;0;0;0;0;0;0;0;0;0;0;0;0;0;0;0;0;0;0;1;0;0;0;678
2013,0;51;600,0;678,0;750,0;900,0;1000,0;1224,0;1500,0;2000,0;3000,0;36,42144553783508;9,691211401425178;0;0;0;0;0;0;0;0;0;0;0;0;0;0;0;0;0;0;0;0;0;0;0;1;0;0;678
2013,0;52;500,0;678,0;700,0;845,0;1000,0;1200,0;1500,0;2000,0;3000,0;36,45958542867656;9,763277321231449;0;0;0;0;0;0;0;0;0;0;0;0;0;0;0;0;0;0;0;0;0;0;0;0;1;0;678
2013,0;53;678,0;720,0;900,0;1000,0;1200,0;1600,0;2200,0;3500,0;5600,0;36,31049562682216;11,534742468415939;0;0;0;0;0;0;0;0;0;0;0;0;0;0;0;0;0;0;0;0;0;0;0;0;0;1;678
2014,0;11;450,0;700,0;724,0;820,0;1000,0;1200,0;1497,9999999999973;2000,0;3000,0;36,557567917205695;8,975420439844761;0;0;0;0;0;0;0;0;0;0;0;0;0;0;0;0;0;0;0;0;0;0;0;0;0;0;724
2014,0;12;360,0;600,0;720,0;724,0;800,0;1000,0;1200,0;1800,0;3000,0;36,19922737306843;9,205298013245033;1;0;0;0;0;0;0;0;0;0;0;0;0;0;0;0;0;0;0;0;0;0;0;0;0;0;724
2014,0;13;300,0;500,0;678,0;724,0;800,0;1000,0;1200,0;1500,0;2500,0;36,792557111274874;9,45744288872513;0;1;0;0;0;0;0;0;0;0;0;0;0;0;0;0;0;0;0;0;0;0;0;0;0;0;724
2014,0;14;400,0;678,0;724,0;750,0;900,0;1100,0;1450,0;2000,0;3014,0;35,849470795766365;10,352410819286554;0;0;1;0;0;0;0;0;0;0;0;0;0;0;0;0;0;0;0;0;0;0;0;0;0;0;724
2014,0;15;250,0;400,0;600,0;720,0;724,0;900,0;1100,0;1500,0;2375,6000000000095;36,45599362803664;8,946900305323245;0;0;0;1;0;0;0;0;0;0;0;0;0;0;0;0;0;0;0;0;0;0;0;0;0;0;724
2014,0;16;479,40000000000003;700,0;724,0;850,0;1000,0;1250,0;1500,0;2172,0;3300,0;36,195749440715886;10,373601789709172;0;0;0;0;1;0;0;0;0;0;0;0;0;0;0;0;0;0;0;0;0;0;0;0;0;0;724
2014,0;17;320,0;550,0;700,0;724,0;800,0;1000,0;1200,0;1500,0;2600,0;35,768477574226154;9,662349968414404;0;0;0;0;0;1;0;0;0;0;0;0;0;0;0;0;0;0;0;0;0;0;0;0;0;0;724
2014,0;21;120,0;210,0;320,0;500,0;678,0;724,0;800,0;1100,0;1500,0;36,14788549684338;8,2757934792009;0;0;0;0;0;0;1;0;0;0;0;0;0;0;0;0;0;0;0;0;0;0;0;0;0;0;724
2014,0;22;120,0;230,0;400,0;600,0;724,0;800,0;1017,0;1400,0;2200,0;37,25829493087558;8,758294930875577;0;0;0;0;0;0;0;1;0;0;0;0;0;0;0;0;0;0;0;0;0;0;0;0;0;0;724
2014,0;23;160,0;300,0;450,0;678,0;724,0;724,0;900,0;1200,0;2000,0;36,082610059604725;8,981072885077904;0;0;0;0;0;0;0;0;1;0;0;0;0;0;0;0;0;0;0;0;0;0;0;0;0;0;724
2014,0;24;250,0;400,0;678,0;724,0;724,0;800,0;1000,0;1400,0;2128,2000000000016;36,50449810606061;9,283380681818182;0;0;0;0;0;0;0;0;0;1;0;0;0;0;0;0;0;0;0;0;0;0;0;0;0;0;724
2014,0;25;200,0;360,0;600,0;700,0;724,0;800,0;1000,0;1356,0;2000,0;36,71375897535416;8,648360178536775;0;0;0;0;0;0;0;0;0;0;1;0;0;0;0;0;0;0;0;0;0;0;0;0;0;0;724
2014,0;26;300,0;500,0;678,0;724,0;724,0;800,0;1000,0;1500,0;2210,200000000006;36,542271205357146;9,274135044642858;0;0;0;0;0;0;0;0;0;0;0;1;0;0;0;0;0;0;0;0;0;0;0;0;0;0;724
2014,0;27;300,0;430,0;678,0;724,0;724,0;748,9999999999986;900,0;1200,0;1900,0;36,19776401269074;8,389031575766731;0;0;0;0;0;0;0;0;0;0;0;0;1;0;0;0;0;0;0;0;0;0;0;0;0;0;724
2014,0;28;200,0;380,0;550,0;700,0;724,0;800,0;1000,0;1300,0;2100,0;36,39675623335754;8,607601065117406;0;0;0;0;0;0;0;0;0;0;0;0;0;1;0;0;0;0;0;0;0;0;0;0;0;0;724
2014,0;29;200,0;300,0;493,99999999999864;678,0;724,0;724,0;970,0;1300,0;2000,0;36,92302238428036;8,664742226273676;0;0;0;0;0;0;0;0;0;0;0;0;0;0;1;0;0;0;0;0;0;0;0;0;0;0;724
2014,0;31;400,0;678,0;724,0;805,0;1000,0;1200,0;1500,0;2000,0;3000,0;37,055363524518135;9,64895424453688;0;0;0;0;0;0;0;0;0;0;0;0;0;0;0;1;0;0;0;0;0;0;0;0;0;0;724
2014,0;32;539,1000000000001;724,0;760,0;850,0;1000,0;1200,0;1500,0;2000,0;3000,0;37,29371097234612;10,07749776984835;0;0;0;0;0;0;0;0;0;0;0;0;0;0;0;0;1;0;0;0;0;0;0;0;0;0;724
2014,0;33;678,0;724,0;800,0;980,0;1100,0;1300,0;1500,0;2000,0;3200,0;38,13293556085919;10,724045346062052;0;0;0;0;0;0;0;0;0;0;0;0;0;0;0;0;0;1;0;0;0;0;0;0;0;0;724
2014,0;35;700,0;800,0;970,0;1050,0;1200,0;1500,0;1800,0;2200,0;3400,0;37,16256650687457;10,798714639414213;0;0;0;0;0;0;0;0;0;0;0;0;0;0;0;0;0;0;1;0;0;0;0;0;0;0;724
2014,0;41;650,0;800,0;900,0;1000,0;1200,0;1500,0;1800,0;2200,0;3300,0;36,97804167600269;10,236761520651282;0;0;0;0;0;0;0;0;0;0;0;0;0;0;0;0;0;0;0;1;0;0;0;0;0;0;724
2014,0;42;724,0;850,0;1000,0;1100,0;1300,0;1500,0;1800,0;2200,0;3100,0;36,5126196089308;10,347663292192484;0;0;0;0;0;0;0;0;0;0;0;0;0;0;0;0;0;0;0;0;1;0;0;0;0;0;724
2014,0;43;600,0;750,0;900,0;1000,0;1200,0;1500,0;1800,0;2400,0;3500,0;37,83794403014995;10,310480314329244;0;0;0;0;0;0;0;0;0;0;0;0;0;0;0;0;0;0;0;0;0;1;0;0;0;0;724
2014,0;50;600,0;724,0;815,4999999999995;1000,0;1200,0;1350,0;1600,0;2000,0;3000,0;36,60330261136713;9,587749615975422;0;0;0;0;0;0;0;0;0;0;0;0;0;0;0;0;0;0;0;0;0;0;1;0;0;0;724
2014,0;51;600,0;724,0;800,0;1000,0;1200,0;1400,0;1600,0;2000,0;3000,0;36,654813099569964;9,739331789612967;0;0;0;0;0;0;0;0;0;0;0;0;0;0;0;0;0;0;0;0;0;0;0;1;0;0;724
2014,0;52;678,0;724,0;800,0;930,0;1087,0;1300,0;1500,0;2000,0;3000,0;36,49637810236314;9,82733642085263;0;0;0;0;0;0;0;0;0;0;0;0;0;0;0;0;0;0;0;0;0;0;0;0;1;0;724
2014,0;53;720,0;800,0;950,0;1100,0;1400,0;1800,0;2450,0;3600,0;5696,0;36,12862402208928;11,469627243442245;0;0;0;0;0;0;0;0;0;0;0;0;0;0;0;0;0;0;0;0;0;0;0;0;0;1;724
2015,0;11;500,0;780,0;800,0;940,0;1000,0;1268,7999999999975;1500,0;2000,0;3000,0;36,92459365840661;9,385824673594458;0;0;0;0;0;0;0;0;0;0;0;0;0;0;0;0;0;0;0;0;0;0;0;0;0;0;788
2015,0;12;350,0;600,0;788,0;788,0;900,0;1150,0;1500,0;2000,0;3000,0;36,718278980542614;9,325020553576323;1;0;0;0;0;0;0;0;0;0;0;0;0;0;0;0;0;0;0;0;0;0;0;0;0;0;788
2015,0;13;311,4000000000001;500,0;780,0;788,0;900,0;1030,7999999999993;1400,0;1800,0;3000,0;37,132641719155245;9,752871433864394;0;1;0;0;0;0;0;0;0;0;0;0;0;0;0;0;0;0;0;0;0;0;0;0;0;0;788
2015,0;14;400,0;700,0;788,0;800,0;980,0;1200,0;1500,0;2042,800000000001;4000,0;36,25912259122591;10,64329643296433;0;0;1;0;0;0;0;0;0;0;0;0;0;0;0;0;0;0;0;0;0;0;0;0;0;0;788
2015,0;15;300,0;450,0;700,0;788,0;800,0;1000,0;1300,0;1600,0;2500,0;36,90752308527974;9,100217273221075;0;0;0;1;0;0;0;0;0;0;0;0;0;0;0;0;0;0;0;0;0;0;0;0;0;0;788
2015,0;16;500,0;724,0;788,7;900,0;1100,0;1342,0;1613,0;2400,0;3500,0;36,887573964497044;10,476923076923077;0;0;0;0;1;0;0;0;0;0;0;0;0;0;0;0;0;0;0;0;0;0;0;0;0;0;788
2015,0;17;361,20000000000005;645,2000000000003;788,0;788,0;900,0;1102,9999999999995;1400,0;2000,0;3000,0;36,42266709719083;9,887956086535358;0;0;0;0;0;1;0;0;0;0;0;0;0;0;0;0;0;0;0;0;0;0;0;0;0;0;788
2015,0;21;140,0;200,0;330,0;500,0;724,0;788,0;850,0;1100,0;1600,0;36,71495243223838;8,263327948303715;0;0;0;0;0;0;1;0;0;0;0;0;0;0;0;0;0;0;0;0;0;0;0;0;0;0;788
2015,0;22;120,0;250,0;400,0;640,0;788,0;828,7999999999997;1100,0;1500,0;2300,0;37,41949847668151;8,85446449496133;0;0;0;0;0;0;0;1;0;0;0;0;0;0;0;0;0;0;0;0;0;0;0;0;0;0;788
2015,0;23;200,0;350,0;500,0;724,0;788,0;788,0;1000,0;1200,0;2000,0;36,596255596255595;9,047517297517297;0;0;0;0;0;0;0;0;1;0;0;0;0;0;0;0;0;0;0;0;0;0;0;0;0;0;788
2015,0;24;300,0;500,0;724,0;788,0;800,0;1000,0;1200,0;1576,0;2400,0;37,61893084845512;9,454879843060324;0;0;0;0;0;0;0;0;0;1;0;0;0;0;0;0;0;0;0;0;0;0;0;0;0;0;788
2015,0;25;220,0;400,0;600,0;788,0;788,0;850,0;1000,0;1448,0;2236,0;37,18488503580852;8,900113079532604;0;0;0;0;0;0;0;0;0;0;1;0;0;0;0;0;0;0;0;0;0;0;0;0;0;0;788
2015,0;26;300,0;500,0;724,0;788,0;788,0;870,0;1014,0;1500,0;2300,0;36,91768375372932;9,190669921345267;0;0;0;0;0;0;0;0;0;0;0;1;0;0;0;0;0;0;0;0;0;0;0;0;0;0;788
2015,0;27;300,0;500,0;724,0;788,0;788,0;800,0;1000,0;1300,0;2000,0;36,81771307249014;8,742493175614195;0;0;0;0;0;0;0;0;0;0;0;0;1;0;0;0;0;0;0;0;0;0;0;0;0;0;788
2015,0;28;200,0;400,0;600,0;788,0;788,0;850,0;1086,0;1500,0;2400,0;36,48486270828444;8,840178361886881;0;0;0;0;0;0;0;0;0;0;0;0;0;1;0;0;0;0;0;0;0;0;0;0;0;0;788
2015,0;29;200,0;334,0;500,0;724,0;788,0;800,0;1000,0;1400,0;2000,0;36,978460596161696;8,827991016741526;0;0;0;0;0;0;0;0;0;0;0;0;0;0;1;0;0;0;0;0;0;0;0;0;0;0;788
2015,0;31;400,0;750,0;788,0;900,0;1100,0;1300,0;1576,0;2000,0;3000,0;37,45349981547546;9,814306802804772;0;0;0;0;0;0;0;0;0;0;0;0;0;0;0;1;0;0;0;0;0;0;0;0;0;0;788
2015,0;32;600,0;788,0;800,0;950,0;1100,0;1300,0;1600,0;2000,0;3000,0;37,92973723810626;10,255006366477602;0;0;0;0;0;0;0;0;0;0;0;0;0;0;0;0;1;0;0;0;0;0;0;0;0;0;788
2015,0;33;788,0;800,0;900,0;1000,0;1200,0;1500,0;1650,0;2000,0;3300,0;38,60700079554495;10,828468269995716;0;0;0;0;0;0;0;0;0;0;0;0;0;0;0;0;0;1;0;0;0;0;0;0;0;0;788
2015,0;35;788,0;900,0;1000,0;1200,0;1379,5;1500,0;2000,0;2500,0;3750,0;37,61810941102494;10,92957451268078;0;0;0;0;0;0;0;0;0;0;0;0;0;0;0;0;0;0;1;0;0;0;0;0;0;0;788
2015,0;41;700,0;800,0;1000,0;1140,0;1300,0;1500,0;2000,0;2500,0;3800,0;37,45051514205432;10,3486575085857;0;0;0;0;0;0;0;0;0;0;0;0;0;0;0;0;0;0;0;1;0;0;0;0;0;0;788
2015,0;42;788,0;930,0;1010,0;1200,0;1400,0;1576,0;2000,0;2500,0;3500,0;36,84785034460125;10,552215293731539;0;0;0;0;0;0;0;0;0;0;0;0;0;0;0;0;0;0;0;0;1;0;0;0;0;0;788
2015,0;43;694,0;800,0;1000,0;1200,0;1400,0;1600,0;2000,0;2700,0;4000,0;38,14130877679081;10,433135033819575;0;0;0;0;0;0;0;0;0;0;0;0;0;0;0;0;0;0;0;0;0;1;0;0;0;0;788
2015,0;50;600,0;788,0;900,0;1000,0;1200,0;1500,0;1700,0;2200,0;3217,9999999999927;37,31982073742106;9,627622733754329;0;0;0;0;0;0;0;0;0;0;0;0;0;0;0;0;0;0;0;0;0;0;1;0;0;0;788
2015,0;51;700,0;788,0;900,0;1000,0;1200,0;1500,0;1800,0;2200,0;3200,0;36,86291881443299;10,003704896907216;0;0;0;0;0;0;0;0;0;0;0;0;0;0;0;0;0;0;0;0;0;0;0;1;0;0;788
2015,0;52;724,0;788,0;900,0;1000,0;1200,0;1500,0;1600,0;2000,0;3000,0;37,11035144536404;10,080484586781816;0;0;0;0;0;0;0;0;0;0;0;0;0;0;0;0;0;0;0;0;0;0;0;0;1;0;788
2015,0;53;788,0;840,0;1000,0;1200,0;1500,0;2000,0;2500,0;4000,0;6000,0;36,987101484546116;11,491847164760282;0;0;0;0;0;0;0;0;0;0;0;0;0;0;0;0;0;0;0;0;0;0;0;0;0;1;788
2016,0;11;500,0;800,0;880,0;1000,0;1200,0;1500,0;1800,0;2200,0;3000,0;36,873329770176376;9,399251737039016;0;0;0;0;0;0;0;0;0;0;0;0;0;0;0;0;0;0;0;0;0;0;0;0;0;0;880
2016,0;12;350,0;600,0;800,0;880,0;1000,0;1200,0;1600,0;2200,0;3600,0;37,00247320692498;9,528441879637263;1;0;0;0;0;0;0;0;0;0;0;0;0;0;0;0;0;0;0;0;0;0;0;0;0;0;880
2016,0;13;300,0;400,0;700,0;872,8000000000006;900,0;1111,9999999999982;1500,0;1994,0000000000055;3000,0;37,33776343269413;9,64344028858933;0;1;0;0;0;0;0;0;0;0;0;0;0;0;0;0;0;0;0;0;0;0;0;0;0;0;880
2016,0;14;400,0;742,4000000000003;880,0;900,0;1000,0;1283,9999999999986;1600,0;2200,0;3800,0;36,535403726708076;10,518426501035197;0;0;1;0;0;0;0;0;0;0;0;0;0;0;0;0;0;0;0;0;0;0;0;0;0;0;880
2016,0;15;250,0;400,0;600,0;800,0;880,0;1034,0;1400,0;1800,0;3000,0;37,32694429123001;9,130584666298953;0;0;0;1;0;0;0;0;0;0;0;0;0;0;0;0;0;0;0;0;0;0;0;0;0;0;880
2016,0;16;500,0;788,0;880,0;1000,0;1200,0;1500,0;2000,0;2900,0;4500,0;37,2140243902439;10,921341463414635;0;0;0;0;1;0;0;0;0;0;0;0;0;0;0;0;0;0;0;0;0;0;0;0;0;0;880
2016,0;17;400,0;778,0;870,0;900,0;1100,0;1400,0;1600,0;2200,0;3500,0;36,718502062837196;9,85845763249762;0;0;0;0;0;1;0;0;0;0;0;0;0;0;0;0;0;0;0;0;0;0;0;0;0;0;880
2016,0;21;100,0;200,0;300,0;500,0;784,0;880,0;930,0;1200,0;2000,0;36,93491175956666;8,380919098374978;0;0;0;0;0;0;1;0;0;0;0;0;0;0;0;0;0;0;0;0;0;0;0;0;0;0;880
2016,0;22;150,0;300,0;423,99999999999864;700,0;880,0;940,0;1200,0;1600,0;2500,0;37,43853165804385;9,095343680709535;0;0;0;0;0;0;0;1;0;0;0;0;0;0;0;0;0;0;0;0;0;0;0;0;0;0;880
2016,0;23;200,0;350,0;500,0;788,0;880,0;900,0;1100,0;1500,0;2200,0;37,00283583657179;9,088646150614432;0;0;0;0;0;0;0;0;1;0;0;0;0;0;0;0;0;0;0;0;0;0;0;0;0;0;880
2016,0;24;300,0;500,0;800,0;880,0;900,0;1100,0;1400,0;1800,0;2890,999999999999;37,66050632911392;9,61873417721519;0;0;0;0;0;0;0;0;0;1;0;0;0;0;0;0;0;0;0;0;0;0;0;0;0;0;880
2016,0;25;200,0;400,0;600,0;880,0;880,0;1000,0;1240,0;1700,0;2800,0;37,58083713548899;9,036500694306685;0;0;0;0;0;0;0;0;0;0;1;0;0;0;0;0;0;0;0;0;0;0;0;0;0;0;880
2016,0;26;278,5000000000002;450,0;700,0;840,0;880,0;1000,0;1200,0;1600,0;2500,0;37,21816662022847;9,347868487043744;0;0;0;0;0;0;0;0;0;0;0;1;0;0;0;0;0;0;0;0;0;0;0;0;0;0;880
2016,0;27;300,0;500,0;788,0;850,0;880,0;900,0;1200,0;1500,0;2396,500000000001;37,06144990665837;8,624455507156192;0;0;0;0;0;0;0;0;0;0;0;0;1;0;0;0;0;0;0;0;0;0;0;0;0;0;880
2016,0;28;240,0;400,0;600,0;800,0;880,0;1000,0;1200,0;1600,0;2652,799999999992;37,24851612903226;8,76283870967742;0;0;0;0;0;0;0;0;0;0;0;0;0;1;0;0;0;0;0;0;0;0;0;0;0;0;880
2016,0;29;200,0;350,0;500,0;788,0;880,0;900,0;1200,0;1500,0;2500,0;37,34451709722371;8,940615285668345;0;0;0;0;0;0;0;0;0;0;0;0;0;0;1;0;0;0;0;0;0;0;0;0;0;0;880
2016,0;31;450,0;800,0;880,0;1000,0;1200,0;1500,0;1800,0;2300,0;3451,999999999998;37,86315192028757;9,875512392003532;0;0;0;0;0;0;0;0;0;0;0;0;0;0;0;1;0;0;0;0;0;0;0;0;0;0;880
2016,0;32;600,0;880,0;900,0;1000,0;1200,0;1500,0;1800,0;2400,0;3500,0;38,16033037774809;10,427790598809668;0;0;0;0;0;0;0;0;0;0;0;0;0;0;0;0;1;0;0;0;0;0;0;0;0;0;880
2016,0;33;788,0;880,0;1000,0;1200,0;1400,0;1600,0;2000,0;2800,0;4000,0;38,953426732298375;10,916067146282973;0;0;0;0;0;0;0;0;0;0;0;0;0;0;0;0;0;1;0;0;0;0;0;0;0;0;880
2016,0;35;800,0;1000,0;1100,0;1300,0;1500,0;1800,0;2200,0;3000,0;4100,0;37,82742162924395;11,009003145677406;0;0;0;0;0;0;0;0;0;0;0;0;0;0;0;0;0;0;1;0;0;0;0;0;0;0;880
2016,0;41;700,0;900,0;1000,0;1200,0;1500,0;1760,0;2000,0;3000,0;4000,0;37,69434170142441;10,34689541197765;0;0;0;0;0;0;0;0;0;0;0;0;0;0;0;0;0;0;0;1;0;0;0;0;0;0;880
2016,0;42;800,0;1000,0;1200,0;1400,0;1580,0;2000,0;2200,0;3000,0;4000,0;37,257419139713235;10,521840613537845;0;0;0;0;0;0;0;0;0;0;0;0;0;0;0;0;0;0;0;0;1;0;0;0;0;0;880
2016,0;43;700,0;900,0;1090,0;1275,0;1500,0;1951,199999999999;2300,0;3000,0;4300,0;38,23078197481776;10,577369118621604;0;0;0;0;0;0;0;0;0;0;0;0;0;0;0;0;0;0;0;0;0;1;0;0;0;0;880
2016,0;50;627,0000000000002;880,0;1000,0;1200,0;1500,0;1664,800000000001;2000,0;2700,0;4000,0;37,43309644670051;9,845279187817258;0;0;0;0;0;0;0;0;0;0;0;0;0;0;0;0;0;0;0;0;0;0;1;0;0;0;880
2016,0;51;710,0;880,0;1000,0;1200,0;1500,0;1650,0;2000,0;2500,0;3650,0;37,172383309759546;9,832036775106083;0;0;0;0;0;0;0;0;0;0;0;0;0;0;0;0;0;0;0;0;0;0;0;1;0;0;880
2016,0;52;700,0;880,0;950,0;1182,0;1300,0;1522,3999999999978;2000,0;2500,0;3500,0;37,44100628930818;10,042389937106918;0;0;0;0;0;0;0;0;0;0;0;0;0;0;0;0;0;0;0;0;0;0;0;0;1;0;880
2016,0;53;800,0;900,0;1100,0;1336,0;1600,0;2000,0;3000,0;4000,0;7000,0;37,60938989513823;11,490467111534794;0;0;0;0;0;0;0;0;0;0;0;0;0;0;0;0;0;0;0;0;0;0;0;0;0;1;880
2017,0;11;500,0;880,0;937,0;1000,0;1200,0;1500,0;1800,0;2200,0;3200,0;37,345260857689155;9,530183010106528;0;0;0;0;0;0;0;0;0;0;0;0;0;0;0;0;0;0;0;0;0;0;0;0;0;0;937
2017,0;12;400,0;700,0;880,0;937,0;1000,0;1300,0;1650,0;2200,0;3500,0;37,020226055919096;9,873884592504462;1;0;0;0;0;0;0;0;0;0;0;0;0;0;0;0;0;0;0;0;0;0;0;0;0;0;937
2017,0;13;300,0;480,0;700,0;900,0;952,0;1200,0;1500,0;2000,0;3000,0;37,899128268991284;9,943129929431299;0;1;0;0;0;0;0;0;0;0;0;0;0;0;0;0;0;0;0;0;0;0;0;0;0;0;937
2017,0;14;500,0;880,0;937,0;937,0;1030,0;1300,0;1717,9999999999973;2500,0;4000,0;36,80239520958084;10,850727117194182;0;0;1;0;0;0;0;0;0;0;0;0;0;0;0;0;0;0;0;0;0;0;0;0;0;0;937
2017,0;15;300,0;400,0;600,0;900,0;938,0;1200,0;1500,0;2000,0;3000,0;37,595889440113396;9,440255138199857;0;0;0;1;0;0;0;0;0;0;0;0;0;0;0;0;0;0;0;0;0;0;0;0;0;0;937
2017,0;16;500,0;800,0;937,0;1000,0;1200,0;1500,0;2000,0;3000,0;5000,0;37,70192869666862;11,016364699006429;0;0;0;0;1;0;0;0;0;0;0;0;0;0;0;0;0;0;0;0;0;0;0;0;0;0;937
2017,0;17;400,0;750,0;933,0;945,0;1187,0;1400,0;1700,0;2200,0;3500,0;37,20420032310178;9,85880452342488;0;0;0;0;0;1;0;0;0;0;0;0;0;0;0;0;0;0;0;0;0;0;0;0;0;0;937
2017,0;21;125,0;250,0;400,0;600,0;880,0;937,0;1000,0;1500,0;2200,0;36,9749060150376;8,780827067669174;0;0;0;0;0;0;1;0;0;0;0;0;0;0;0;0;0;0;0;0;0;0;0;0;0;0;937
2017,0;22;160,0;300,0;500,0;834,0000000000009;937,0;1100,0;1387,0;1874,0;3000,0;37,95258056064972;9,634529735394288;0;0;0;0;0;0;0;1;0;0;0;0;0;0;0;0;0;0;0;0;0;0;0;0;0;0;937
2017,0;23;200,0;350,0;500,0;874,0000000000009;937,0;1000,0;1200,0;1600,0;2500,0;37,288357498376975;9,363557671499676;0;0;0;0;0;0;0;0;1;0;0;0;0;0;0;0;0;0;0;0;0;0;0;0;0;0;937
2017,0;24;300,0;500,0;800,0;937,0;970,0;1200,0;1500,0;2000,0;3000,0;37,84776277468891;9,858088429970877;0;0;0;0;0;0;0;0;0;1;0;0;0;0;0;0;0;0;0;0;0;0;0;0;0;0;937
2017,0;25;250,0;400,0;700,0;937,0;937,0;1100,0;1400,0;1850,0;3000,0;37,8825244740679;9,304728181628827;0;0;0;0;0;0;0;0;0;0;1;0;0;0;0;0;0;0;0;0;0;0;0;0;0;0;937
2017,0;26;300,0;500,0;800,0;917,0;945,0;1060,0;1400,0;1800,0;3000,0;37,713242961418146;9,518546104573216;0;0;0;0;0;0;0;0;0;0;0;1;0;0;0;0;0;0;0;0;0;0;0;0;0;0;937
2017,0;27;300,0;500,0;800,0;900,0;937,0;1000,0;1200,0;1600,0;2500,0;37,6773654296222;8,97559344700769;0;0;0;0;0;0;0;0;0;0;0;0;1;0;0;0;0;0;0;0;0;0;0;0;0;0;937
2017,0;28;208,0000000000001;400,0;643,9999999999986;937,0;937,0;1100,0;1400,0;2000,0;3120,0000000000273;37,76911892992149;9,248328002326257;0;0;0;0;0;0;0;0;0;0;0;0;0;1;0;0;0;0;0;0;0;0;0;0;0;0;937
2017,0;29;200,0;350,0;500,0;800,0;937,0;1000,0;1260,0;1700,0;2500,0;37,597628367487914;9,077365876122496;0;0;0;0;0;0;0;0;0;0;0;0;0;0;1;0;0;0;0;0;0;0;0;0;0;0;937
2017,0;31;470,0;880,0;937,0;1000,0;1240,0;1500,0;1874,0;2494,400000000005;3600,0;38,02565245066837;10,037683004455761;0;0;0;0;0;0;0;0;0;0;0;0;0;0;0;1;0;0;0;0;0;0;0;0;0;0;937
2017,0;32;600,0;937,0;1000,0;1200,0;1400,0;1600,0;2000,0;2700,0;4000,0;38,25112107623318;10,6486867392697;0;0;0;0;0;0;0;0;0;0;0;0;0;0;0;0;1;0;0;0;0;0;0;0;0;0;937
2017,0;33;800,0;937,0;1000,0;1200,0;1450,0;1650,0;2000,0;2800,0;4000,0;39,20817172662833;10,984552628059381;0;0;0;0;0;0;0;0;0;0;0;0;0;0;0;0;0;1;0;0;0;0;0;0;0;0;937
2017,0;35;870,0;1000,0;1200,0;1400,0;1600,0;2000,0;2500,0;3000,0;5000,0;38,11669726752349;11,25116103250891;0;0;0;0;0;0;0;0;0;0;0;0;0;0;0;0;0;0;1;0;0;0;0;0;0;0;937
2017,0;41;700,0;980,0;1150,0;1300,0;1500,0;1900,0;2257,9999999999927;3000,0;4380,000000000018;37,93989339893399;10,493726937269372;0;0;0;0;0;0;0;0;0;0;0;0;0;0;0;0;0;0;0;1;0;0;0;0;0;0;937
2017,0;42;937,0;1100,0;1300,0;1500,0;1800,0;2000,0;2500,0;3000,0;4500,0;37,19623799359658;10,789154215581643;0;0;0;0;0;0;0;0;0;0;0;0;0;0;0;0;0;0;0;0;1;0;0;0;0;0;937
2017,0;43;800,0;1000,0;1200,0;1490,0;1700,0;2000,0;2500,0;3000,0;5000,0;38,492138499871125;10,853681587765273;0;0;0;0;0;0;0;0;0;0;0;0;0;0;0;0;0;0;0;0;0;1;0;0;0;0;937
2017,0;50;700,0;960,0;1200,0;1350,0;1600,0;2000,0;2400,0;3000,0;4695,499999999997;37,757311129163284;10,18480909829407;0;0;0;0;0;0;0;0;0;0;0;0;0;0;0;0;0;0;0;0;0;0;1;0;0;0;937
2017,0;51;800,0;937,0;1000,0;1200,0;1500,0;1800,0;2000,0;3000,0;4000,0;37,507567939456486;10,01685586515308;0;0;0;0;0;0;0;0;0;0;0;0;0;0;0;0;0;0;0;0;0;0;0;1;0;0;937
2017,0;52;700,0;937,0;1000,0;1200,0;1500,0;1800,0;2000,0;2800,0;4000,0;37,62908811081185;10,40336026676927;0;0;0;0;0;0;0;0;0;0;0;0;0;0;0;0;0;0;0;0;0;0;0;0;1;0;937
2017,0;53;900,0;1000,0;1200,0;1500,0;1800,0;2200,0;3000,0;5000,0;7000,0;37,634696755994355;11,676539727315468;0;0;0;0;0;0;0;0;0;0;0;0;0;0;0;0;0;0;0;0;0;0;0;0;0;1;937
2018,0;11;500,0;900,0;984,1999999999994;1100,0;1300,0;1600,0;2000,0;2500,0;3500,0;37,534844668345926;9,94822278197593;0;0;0;0;0;0;0;0;0;0;0;0;0;0;0;0;0;0;0;0;0;0;0;0;0;0;954
2018,0;12;300,0;600,0;900,0;954,0;1050,0;1340,1999999999991;1800,0;2400,0;4000,0;37,36570374923171;10,05500921942225;1;0;0;0;0;0;0;0;0;0;0;0;0;0;0;0;0;0;0;0;0;0;0;0;0;0;954
2018,0;13;300,0;450,0;650,0;937,0;970,0;1200,0;1500,0;2000,0;3000,0;37,73891726251277;10,242900919305415;0;1;0;0;0;0;0;0;0;0;0;0;0;0;0;0;0;0;0;0;0;0;0;0;0;0;954
2018,0;14;400,0;700,0;954,0;960,0;1200,0;1500,0;2000,0;3000,0;5000,0;37,35039207593892;10,967808501857203;0;0;1;0;0;0;0;0;0;0;0;0;0;0;0;0;0;0;0;0;0;0;0;0;0;0;954
2018,0;15;250,0;400,0;600,0;937,0;1000,0;1200,0;1500,0;2000,0;3000,0;37,80512744516894;9,586840545346769;0;0;0;1;0;0;0;0;0;0;0;0;0;0;0;0;0;0;0;0;0;0;0;0;0;0;954
2018,0;16;500,0;800,0;954,0;1000,0;1200,0;1500,0;2000,0;3000,0;5000,0;38,25316455696203;11,199367088607595;0;0;0;0;1;0;0;0;0;0;0;0;0;0;0;0;0;0;0;0;0;0;0;0;0;0;954
2018,0;17;400,0;800,0;954,0;998,0;1200,0;1500,0;1874,0;2500,0;3748,0;37,410683906090505;10,484518543722354;0;0;0;0;0;1;0;0;0;0;0;0;0;0;0;0;0;0;0;0;0;0;0;0;0;0;954
2018,0;21;150,0;300,0;450,0;700,0;937,0;954,0;1200,0;1500,0;2400,0;37,10760992688704;9,183606219750798;0;0;0;0;0;0;1;0;0;0;0;0;0;0;0;0;0;0;0;0;0;0;0;0;0;0;954
2018,0;22;200,0;350,0;600,0;900,0;954,0;1200,0;1405,0;1874,0;3000,0;38,05138961719979;9,922391190351338;0;0;0;0;0;0;0;1;0;0;0;0;0;0;0;0;0;0;0;0;0;0;0;0;0;0;954
2018,0;23;200,0;350,0;500,0;800,0;954,0;1000,0;1300,0;1800,0;2800,0;37,34770889487871;9,753530997304582;0;0;0;0;0;0;0;0;1;0;0;0;0;0;0;0;0;0;0;0;0;0;0;0;0;0;954
2018,0;24;280,0;500,0;800,0;954,0;954,0;1200,0;1500,0;2000,0;3000,0;37,920618007458714;10,06979222163026;0;0;0;0;0;0;0;0;0;1;0;0;0;0;0;0;0;0;0;0;0;0;0;0;0;0;954
2018,0;25;240,0;400,0;600,0;954,0;954,0;1200,0;1466,0;1980,0;3000,0;38,30547305897327;9,3731438268986;0;0;0;0;0;0;0;0;0;0;1;0;0;0;0;0;0;0;0;0;0;0;0;0;0;0;954
2018,0;26;250,0;500,0;800,0;954,0;980,0;1200,0;1500,0;2000,0;3000,0;37,90340990155514;9,846625766871165;0;0;0;0;0;0;0;0;0;0;0;1;0;0;0;0;0;0;0;0;0;0;0;0;0;0;954
2018,0;27;320,0;600,0;900,0;954,0;957,0;1000,0;1300,0;1800,0;2500,0;37,403518622496726;9,291970802919709;0;0;0;0;0;0;0;0;0;0;0;0;1;0;0;0;0;0;0;0;0;0;0;0;0;0;954
2018,0;28;200,0;400,0;600,0;937,0;954,0;1050,0;1405,0;2000,0;3000,0;37,67544113393115;9,439687590396298;0;0;0;0;0;0;0;0;0;0;0;0;0;1;0;0;0;0;0;0;0;0;0;0;0;0;954
2018,0;29;200,0;320,0;500,0;800,0;954,0;1000,0;1304,0;1800,0;2600,0;37,72943799131761;9,314795259885017;0;0;0;0;0;0;0;0;0;0;0;0;0;0;1;0;0;0;0;0;0;0;0;0;0;0;954
2018,0;31;480,0;900,0;954,0;1088,4000000000005;1300,0;1579,0000000000018;2000,0;2500,0;4000,0;38,23872252923789;10,205307801053848;0;0;0;0;0;0;0;0;0;0;0;0;0;0;0;1;0;0;0;0;0;0;0;0;0;0;954
2018,0;32;600,0;939,2;1000,0;1200,0;1400,0;1600,0;2000,0;2600,0;4000,0;38,53528528528528;10,757382382382382;0;0;0;0;0;0;0;0;0;0;0;0;0;0;0;0;1;0;0;0;0;0;0;0;0;0;954
2018,0;33;800,0;954,0;1000,0;1200,0;1500,0;1800,0;2000,0;3000,0;4500,0;39,31978706829395;11,287912230589457;0;0;0;0;0;0;0;0;0;0;0;0;0;0;0;0;0;1;0;0;0;0;0;0;0;0;954
2018,0;35;800,0;1000,0;1200,0;1500,0;1700,0;2000,0;2500,0;3000,0;5000,0;38,407532166326135;11,273896957314042;0;0;0;0;0;0;0;0;0;0;0;0;0;0;0;0;0;0;1;0;0;0;0;0;0;0;954
2018,0;41;700,0;1000,0;1200,0;1370,0;1600,0;2000,0;2500,0;3000,0;4800,0;37,94725439546704;10,753603866344472;0;0;0;0;0;0;0;0;0;0;0;0;0;0;0;0;0;0;0;1;0;0;0;0;0;0;954
2018,0;42;954,0;1200,0;1350,0;1500,0;1900,0;2000,0;2500,0;3000,0;5000,0;37,12221702213011;10,952798020993514;0;0;0;0;0;0;0;0;0;0;0;0;0;0;0;0;0;0;0;0;1;0;0;0;0;0;954
2018,0;43;720,0;1000,0;1200,0;1500,0;1700,0;2000,0;2500,0;3200,0;5000,0;38,64822593618733;10,86281169005273;0;0;0;0;0;0;0;0;0;0;0;0;0;0;0;0;0;0;0;0;0;1;0;0;0;0;954
2018,0;50;700,0;1000,0;1200,0;1400,0;1600,0;2000,0;2500,0;3000,0;5000,0;38,02132063754916;10,381908507555371;0;0;0;0;0;0;0;0;0;0;0;0;0;0;0;0;0;0;0;0;0;0;1;0;0;0;954
2018,0;51;800,0;958,0;1200,0;1500,0;1677,0;2000,0;2500,0;3000,0;5000,0;37,903504138052476;10,412220461348829;0;0;0;0;0;0;0;0;0;0;0;0;0;0;0;0;0;0;0;0;0;0;0;1;0;0;954
2018,0;52;600,0;954,0;1000,0;1200,0;1500,0;1800,0;2029,3999999999996;3000,0;4000,0;38,040326763485474;10,448910788381744;0;0;0;0;0;0;0;0;0;0;0;0;0;0;0;0;0;0;0;0;0;0;0;0;1;0;954
2018,0;53;937,0;1000,0;1200,0;1500,0;2000,0;2500,0;3000,0;5000,0;8000,0;37,84622991347342;12,059579728059333;0;0;0;0;0;0;0;0;0;0;0;0;0;0;0;0;0;0;0;0;0;0;0;0;0;1;954
2019,0;11;500,0;900,0;1000,0;1200,0;1350,0;1562,7999999999956;2000,0;2500,0;4000,0;37,549872122762146;10,099460073884627;0;0;0;0;0;0;0;0;0;0;0;0;0;0;0;0;0;0;0;0;0;0;0;0;0;0;998
2019,0;12;375,0;600,0;954,0;1000,0;1200,0;1500,0;2000,0;2800,0;4100,0;38,04956463496316;10,478566644340255;1;0;0;0;0;0;0;0;0;0;0;0;0;0;0;0;0;0;0;0;0;0;0;0;0;0;998
2019,0;13;250,0;400,0;600,0;954,0;1000,0;1200,0;1500,0;2000,0;3291,200000000008;37,956830031282585;10,341605839416058;0;1;0;0;0;0;0;0;0;0;0;0;0;0;0;0;0;0;0;0;0;0;0;0;0;0;998
2019,0;14;400,0;797,6000000000001;998,0;1000,0;1200,0;1500,0;2000,0;2800,0;5000,0;37,17562076749436;11,152595936794583;0;0;1;0;0;0;0;0;0;0;0;0;0;0;0;0;0;0;0;0;0;0;0;0;0;0;998
2019,0;15;240,0;400,0;600,0;954,0;1000,0;1200,0;1500,0;2000,0;3102,5999999999976;38,089002866193994;9,697842811887163;0;0;0;1;0;0;0;0;0;0;0;0;0;0;0;0;0;0;0;0;0;0;0;0;0;0;998
2019,0;16;500,0;800,0;998,0;998,0;1200,0;1500,0;2000,0;2800,0;4200,0;38,12477175897748;11,032866707242848;0;0;0;0;1;0;0;0;0;0;0;0;0;0;0;0;0;0;0;0;0;0;0;0;0;0;998
2019,0;17;400,0;768,0000000000007;998,0;998,0;1200,0;1500,0;1900,0;2500,0;4000,0;37,793678360541854;10,58770406391108;0;0;0;0;0;1;0;0;0;0;0;0;0;0;0;0;0;0;0;0;0;0;0;0;0;0;998
2019,0;21;160,0;300,0;500,0;800,0;998,0;1000,0;1200,0;1600,0;2500,0;37,25609095831077;9,576069301570113;0;0;0;0;0;0;1;0;0;0;0;0;0;0;0;0;0;0;0;0;0;0;0;0;0;0;998
2019,0;22;180,0;300,0;500,0;850,0;1000,0;1200,0;1500,0;2000,0;3200,0;38,19926873857404;10,033167928963175;0;0;0;0;0;0;0;1;0;0;0;0;0;0;0;0;0;0;0;0;0;0;0;0;0;0;998
2019,0;23;200,0;350,0;520,0;820,0;998,0;1000,0;1336,5999999999995;1750,0;2800,0;37,734195562493035;9,868658713345969;0;0;0;0;0;0;0;0;1;0;0;0;0;0;0;0;0;0;0;0;0;0;0;0;0;0;998
2019,0;24;265,0;500,0;800,0;998,0;998,0;1200,0;1500,0;2000,0;3196,0;38,39431913116124;10,186020607073239;0;0;0;0;0;0;0;0;0;1;0;0;0;0;0;0;0;0;0;0;0;0;0;0;0;0;998
2019,0;25;250,0;400,0;650,0;998,0;998,0;1200,0;1500,0;2000,0;3000,0;38,25288338316959;9,683468603161042;0;0;0;0;0;0;0;0;0;0;1;0;0;0;0;0;0;0;0;0;0;0;0;0;0;0;998
2019,0;26;300,0;500,0;800,0;998,0;1000,0;1200,0;1500,0;2000,0;3000,0;37,77867551579859;10,100562689366614;0;0;0;0;0;0;0;0;0;0;0;1;0;0;0;0;0;0;0;0;0;0;0;0;0;0;998
2019,0;27;300,0;600,0;857,2999999999997;998,0;998,0;1000,0;1400,0;1800,0;2600,0;37,54758336455601;9,360809291869614;0;0;0;0;0;0;0;0;0;0;0;0;1;0;0;0;0;0;0;0;0;0;0;0;0;0;998
2019,0;28;200,0;400,0;600,0;954,0;998,0;1100,0;1431,0;2000,0;3000,0;37,50282485875706;9,62683615819209;0;0;0;0;0;0;0;0;0;0;0;0;0;1;0;0;0;0;0;0;0;0;0;0;0;0;998
2019,0;29;200,0;400,0;550,0;864,4000000000033;998,0;1014,0;1400,0;1900,0;3000,0;38,10405790223066;9,60797342192691;0;0;0;0;0;0;0;0;0;0;0;0;0;0;1;0;0;0;0;0;0;0;0;0;0;0;998
2019,0;31;500,0;900,0;998,0;1100,0;1400,0;1600,0;2000,0;2600,0;4000,0;38,38407784743992;10,342215256008359;0;0;0;0;0;0;0;0;0;0;0;0;0;0;0;1;0;0;0;0;0;0;0;0;0;0;998
2019,0;32;500,0;954,0;1000,0;1200,0;1400,0;1600,0;2000,0;2800,0;4000,0;38,502687515269976;10,722697288052773;0;0;0;0;0;0;0;0;0;0;0;0;0;0;0;0;1;0;0;0;0;0;0;0;0;0;998
2019,0;33;800,0;1000,0;1200,0;1400,0;1600,0;2000,0;2500,0;3000,0;5000,0;39,564394904458595;11,508980891719744;0;0;0;0;0;0;0;0;0;0;0;0;0;0;0;0;0;1;0;0;0;0;0;0;0;0;998
2019,0;35;900,0;1100,0;1300,0;1500,0;1800,0;2000,0;2600,0;3400,0;5000,0;38,44651503209098;11,485530908681454;0;0;0;0;0;0;0;0;0;0;0;0;0;0;0;0;0;0;1;0;0;0;0;0;0;0;998
2019,0;41;700,0;1000,0;1200,0;1500,0;1700,0;2000,0;2500,0;3100,0;5000,0;38,416980028411466;10,889613102699089;0;0;0;0;0;0;0;0;0;0;0;0;0;0;0;0;0;0;0;1;0;0;0;0;0;0;998
2019,0;42;998,0;1200,0;1416,0;1600,0;2000,0;2100,0;2700,0;3200,0;5000,0;37,551627843618036;11,101689143168505;0;0;0;0;0;0;0;0;0;0;0;0;0;0;0;0;0;0;0;0;1;0;0;0;0;0;998
2019,0;43;800,0;1000,0;1200,0;1500,0;1800,0;2000,0;2600,0;3500,0;5000,0;38,70041855908808;11,055392287826164;0;0;0;0;0;0;0;0;0;0;0;0;0;0;0;0;0;0;0;0;0;1;0;0;0;0;998
2019,0;50;600,0;998,0;1200,0;1400,0;1600,0;2000,0;2500,0;3000,0;5000,0;38,03011551155115;10,428011551155116;0;0;0;0;0;0;0;0;0;0;0;0;0;0;0;0;0;0;0;0;0;0;1;0;0;0;998
2019,0;51;750,0;1000,0;1200,0;1500,0;1750,0;2000,0;2500,0;3080,000000000018;5000,0;37,681040502793294;10,572101955307263;0;0;0;0;0;0;0;0;0;0;0;0;0;0;0;0;0;0;0;0;0;0;0;1;0;0;998
2019,0;52;621,8000000000002;998,0;1000,0;1200,0;1500,0;1900,0;2000,0;3000,0;4000,0;38,29067357512953;10,613471502590674;0;0;0;0;0;0;0;0;0;0;0;0;0;0;0;0;0;0;0;0;0;0;0;0;1;0;998
2019,0;53;900,0;1000,0;1200,0;1500,0;2000,0;2500,0;3000,0;5000,0;8000,0;37,851032806804376;12,053948967193195;0;0;0;0;0;0;0;0;0;0;0;0;0;0;0;0;0;0;0;0;0;0;0;0;0;1;998
2020,0;11;509,00000000000034;1000,0;1045,0;1200,0;1500,0;1700,0;2000,0;2800,0;4000,0;37,76603174603174;10,273968253968254;0;0;0;0;0;0;0;0;0;0;0;0;0;0;0;0;0;0;0;0;0;0;0;0;0;0;1039
2020,0;12;300,0;600,0;1000,0;1039,0;1200,0;1500,0;2000,0;2600,0;4500,0;37,866314199395774;10,679003021148036;1;0;0;0;0;0;0;0;0;0;0;0;0;0;0;0;0;0;0;0;0;0;0;0;0;0;1039
2020,0;13;300,0;460,80000000000246;700,0;1000,0;1045,0;1249,1999999999998;1600,0;2000,0;3000,0;37,92205677059097;10,504420660772452;0;1;0;0;0;0;0;0;0;0;0;0;0;0;0;0;0;0;0;0;0;0;0;0;0;0;1039
2020,0;14;500,0;800,0;1000,0;1039,0;1200,0;1500,0;2000,0;2800,0;4500,0;37,32671755725191;11,346564885496184;0;0;1;0;0;0;0;0;0;0;0;0;0;0;0;0;0;0;0;0;0;0;0;0;0;0;1039
2020,0;15;300,0;450,0;700,0;1000,0;1045,0;1300,0;1600,0;2100,0;3600,0;38,20290350128096;9,892228864218616;0;0;0;1;0;0;0;0;0;0;0;0;0;0;0;0;0;0;0;0;0;0;0;0;0;0;1039
2020,0;16;500,0;700,0;998,0;1045,0;1200,0;1500,0;2000,0;3000,0;5000,0;37,694632942628004;11,394201110425664;0;0;0;0;1;0;0;0;0;0;0;0;0;0;0;0;0;0;0;0;0;0;0;0;0;0;1039
2020,0;17;450,0;800,0;1000,0;1045,0;1200,0;1500,0;2000,0;2800,0;4150,0;38,21776155717762;10,832927818329278;0;0;0;0;0;1;0;0;0;0;0;0;0;0;0;0;0;0;0;0;0;0;0;0;0;0;1039
2020,0;21;170,0;300,0;500,0;800,0;1000,0;1045,0;1300,0;1800,0;2700,0;37,5912577620845;9,922074759527579;0;0;0;0;0;0;1;0;0;0;0;0;0;0;0;0;0;0;0;0;0;0;0;0;0;0;1039
2020,0;22;200,0;400,0;600,0;998,0;1045,0;1219,6;1558,0;2000,0;3200,0;38,63141328297136;10,214667925716084;0;0;0;0;0;0;0;1;0;0;0;0;0;0;0;0;0;0;0;0;0;0;0;0;0;0;1039
2020,0;23;200,0;400,0;600,0;998,0;1039,0;1100,0;1500,0;2000,0;3000,0;38,04440227703985;10,123972169512966;0;0;0;0;0;0;0;0;1;0;0;0;0;0;0;0;0;0;0;0;0;0;0;0;0;0;1039
2020,0;24;300,0;500,0;800,0;1000,0;1045,0;1400,0;1800,0;2200,0;3698,4000000000005;38,598892147279244;10,366243075920496;0;0;0;0;0;0;0;0;0;1;0;0;0;0;0;0;0;0;0;0;0;0;0;0;0;0;1039
2020,0;25;250,0;450,0;700,0;1000,0;1045,0;1200,0;1500,0;2000,0;3000,0;38,002221125370184;9,79466929911155;0;0;0;0;0;0;0;0;0;0;1;0;0;0;0;0;0;0;0;0;0;0;0;0;0;0;1039
2020,0;26;300,0;500,0;800,0;1000,0;1045,0;1200,0;1500,0;2000,0;3000,0;38,09201830198271;10,172004744958482;0;0;0;0;0;0;0;0;0;0;0;1;0;0;0;0;0;0;0;0;0;0;0;0;0;0;1039
2020,0;27;300,0;550,0;850,0;1000,0;1039,0;1100,0;1400,0;1996,0;2800,0;37,82624272279445;9,669950738916256;0;0;0;0;0;0;0;0;0;0;0;0;1;0;0;0;0;0;0;0;0;0;0;0;0;0;1039
2020,0;28;200,0;400,0;600,0;998,0;1039,0;1100,0;1498,0;2000,0;3000,0;37,296860428971094;9,599316133043208;0;0;0;0;0;0;0;0;0;0;0;0;0;1;0;0;0;0;0;0;0;0;0;0;0;0;1039
2020,0;29;200,0;400,0;523,7999999999997;800,0;1039,0;1100,0;1497,0;2000,0;3000,0;38,411772872414275;9,642093572122727;0;0;0;0;0;0;0;0;0;0;0;0;0;0;1;0;0;0;0;0;0;0;0;0;0;0;1039
2020,0;31;500,0;998,0;1045,0;1200,0;1500,0;1800,0;2000,0;2800,0;4000,0;38,65052072412106;10,505906199762354;0;0;0;0;0;0;0;0;0;0;0;0;0;0;0;1;0;0;0;0;0;0;0;0;0;0;1039
2020,0;32;600,0;1000,0;1045,0;1200,0;1500,0;1996,0;2300,0;3000,0;4500,0;38,82373644938758;11,000422356750668;0;0;0;0;0;0;0;0;0;0;0;0;0;0;0;0;1;0;0;0;0;0;0;0;0;0;1039
2020,0;33;800,0;1000,0;1200,0;1400,0;1600,0;2000,0;2500,0;3400,0;5000,0;39,74006092916984;11,678522467631378;0;0;0;0;0;0;0;0;0;0;0;0;0;0;0;0;0;1;0;0;0;0;0;0;0;0;1039
2020,0;35;900,0;1100,0;1400,0;1595,4000000000015;2000,0;2200,0;2950,0;3500,0;5000,0;38,54470281024621;11,572805272320318;0;0;0;0;0;0;0;0;0;0;0;0;0;0;0;0;0;0;1;0;0;0;0;0;0;0;1039
2020,0;41;800,0;1045,0;1300,0;1500,0;1800,0;2000,0;2600,0;3500,0;5000,0;38,34874777225401;11,020635962855266;0;0;0;0;0;0;0;0;0;0;0;0;0;0;0;0;0;0;0;1;0;0;0;0;0;0;1039
2020,0;42;1000,0;1300,0;1500,0;1700,0;2000,0;2400,0;3000,0;3500,0;5000,0;37,720615243342515;11,202173247627792;0;0;0;0;0;0;0;0;0;0;0;0;0;0;0;0;0;0;0;0;1;0;0;0;0;0;1039
2020,0;43;800,0;1045,0;1300,0;1500,0;1900,0;2100,0;2800,0;3500,0;5000,0;38,92495825557411;11,107651507710441;0;0;0;0;0;0;0;0;0;0;0;0;0;0;0;0;0;0;0;0;0;1;0;0;0;0;1039
2020,0;50;600,0;1000,0;1200,0;1500,0;1800,0;2000,0;2600,0;3500,0;5000,0;38,368311327310636;10,653231410701876;0;0;0;0;0;0;0;0;0;0;0;0;0;0;0;0;0;0;0;0;0;0;1;0;0;0;1039
2020,0;51;800,0;1040,0;1200,0;1500,0;1800,0;2000,0;2500,0;3000,0;5000,0;37,546351451973194;10,785740878629934;0;0;0;0;0;0;0;0;0;0;0;0;0;0;0;0;0;0;0;0;0;0;0;1;0;0;1039
2020,0;52;700,0;1000,0;1100,0;1300,0;1500,0;2000,0;2300,0;3000,0;4400,0;38,77911355735805;10,829663962920046;0;0;0;0;0;0;0;0;0;0;0;0;0;0;0;0;0;0;0;0;0;0;0;0;1;0;1039
2020,0;53;900,0;1100,0;1300,0;1500,0;2000,0;2500,0;3205,9999999999945;5000,0;8000,0;38,2988248461108;12,147733631785115;0;0;0;0;0;0;0;0;0;0;0;0;0;0;0;0;0;0;0;0;0;0;0;0;0;1;1039
