p10;p20;p30;p40;p50;p60;p70;p80;p90;uf_12;uf_13;uf_14;uf_15;uf_16;uf_17;uf_21;uf_22;uf_23;uf_24;uf_25;uf_26;uf_27;uf_28;uf_29;uf_31;uf_32;uf_33;uf_35;uf_41;uf_42;uf_43;uf_50;uf_51;uf_52;uf_53;sal_min;log_sal_min
-1,0498221244986778;-0,6069694843188929;-0,4748151862429575;-0,2876820724517808;-0,10536051565782589;0,0;0,2623642644674913;0,5877866649021195;0,9555114450274367;0;0;0;0;0;0;0;0;0;0;0;0;0;0;0;0;0;0;0;0;0;0;0;0;0;0;622;-0,4748151862429575
-1,203972804325936;-0,6931471805599454;-0,4748151862429575;-0,35667494393873245;-0,2231435513142097;0,0;0,2231435513142097;0,5877866649021195;1,0296194171811583;1;0;0;0;0;0;0;0;0;0;0;0;0;0;0;0;0;0;0;0;0;0;0;0;0;0;622;-0,4748151862429575
-1,2403433056355864;-0,7703396763898507;-0,3648745682816861;-0,32886413075865306;-0,19372631208585656;0,0;0,2412612352886292;0,551416163592469;0,9958027948018895;0;1;0;0;0;0;0;0;0;0;0;0;0;0;0;0;0;0;0;0;0;0;0;0;0;0;622;-0,32886413075865306
-0,9162907318741551;-0,5769654262705357;-0,4748151862429575;-0,4462871026284194;-0,2231435513142097;0,0;0,2183319943169879;0,6931471805599454;1,0986122886681091;0;0;1;0;0;0;0;0;0;0;0;0;0;0;0;0;0;0;0;0;0;0;0;0;0;0;622;-0,4748151862429575
-1,3862943611198908;-0,9808292530117262;-0,4700036292457357;-0,2876820724517808;-0,2516716349287478;0,0;0,2231435513142097;0,485507815781701;0,9162907318741551;0;0;0;1;0;0;0;0;0;0;0;0;0;0;0;0;0;0;0;0;0;0;0;0;0;0;622;-0,2516716349287478
-1,09861228866811;-0,6286086594223743;-0,4054651081081646;-0,3694546705851316;-0,20116464459543426;0,0;0,2876820724517808;0,6931471805599454;1,1349799328389842;0;0;0;0;1;0;0;0;0;0;0;0;0;0;0;0;0;0;0;0;0;0;0;0;0;0;622;-0,3694546705851316
-1,2354714713853072;-0,5831462853456166;-0,3600027340314069;-0,3239922965083739;-0,20585205420414887;0,0;0,24613306953890834;0,5562879978427482;1,0262916270884839;0;0;0;0;0;1;0;0;0;0;0;0;0;0;0;0;0;0;0;0;0;0;0;0;0;0;622;-0,3239922965083739
-1,8277699067510875;-1,239983241848969;-0,7981504895699301;-0,4414755456311976;-0,13215429807593537;0,0;0,17371009345903587;0,4748151862429575;0,8802802943511221;0;0;0;0;0;0;1;0;0;0;0;0;0;0;0;0;0;0;0;0;0;0;0;0;0;0;622;0,0
-1,9331304224089143;-1,3577662775053527;-0,7291576180829784;-0,38320663750721984;-0,03601043752303301;0,0;0,2516716349287478;0,56099288248401;0,9448188154886932;0;0;0;0;0;0;0;1;0;0;0;0;0;0;0;0;0;0;0;0;0;0;0;0;0;0;622;0,0
-1,630559737463381;-1,0393125463868174;-0,5750069382557204;-0,2183319943169879;-0,03601043752303301;0,0;0,20037834054119763;0,4748151862429575;0,8802802943511221;0;0;0;0;0;0;0;0;1;0;0;0;0;0;0;0;0;0;0;0;0;0;0;0;0;0;622;0,0
-1,1856236656577392;-0,5877866649021195;-0,27846541734685726;-0,14631111927092189;-0,14631111927092189;0,0;0,2231435513142097;0,5108256237659905;1,021651247531981;0;0;0;0;0;0;0;0;0;1;0;0;0;0;0;0;0;0;0;0;0;0;0;0;0;0;622;-0,14631111927092189
-1,5353299402803788;-0,9555114450274367;-0,485507815781701;-0,17618656822643874;-0,04403227015050337;0,0;0,2076393647782444;0,5202579225200594;1,0185695809945736;0;0;0;0;0;0;0;0;0;0;1;0;0;0;0;0;0;0;0;0;0;0;0;0;0;0;622;-0,04403227015050337
-1,3217558399823197;-0,6286086594223743;-0,31928741186711207;-0,1871331137911767;-0,1871331137911767;0,0;0,2876820724517808;0,5060140667687687;0,9808292530117262;0;0;0;0;0;0;0;0;0;0;0;1;0;0;0;0;0;0;0;0;0;0;0;0;0;0;622;-0,1871331137911767
-1,2383742310432684;-0,545227050483323;-0,23590580292806074;-0,10375150485212536;-0,10375150485212536;0,0;0,1479201300766224;0,3710636813908321;0,8410673106365678;0;0;0;0;0;0;0;0;0;0;0;0;1;0;0;0;0;0;0;0;0;0;0;0;0;0;622;-0,10375150485212536
-1,252762968495368;-0,8472978603872034;-0,44183275227903884;-0,15415067982725805;-0,11814024230422504;0,0;0,24014112768278117;0,5389965007326873;1,081563010282741;0;0;0;0;0;0;0;0;0;0;0;0;0;1;0;0;0;0;0;0;0;0;0;0;0;0;622;-0,11814024230422504
-1,4663370687934272;-0,9555114450274367;-0,485507815781701;-0,17618656822643874;-0,04403227015050337;0,0;0,2076393647782444;0,5260930958967789;1,0185695809945736;0;0;0;0;0;0;0;0;0;0;0;0;0;0;1;0;0;0;0;0;0;0;0;0;0;0;622;-0,04403227015050337
-1,1520130653952245;-0,5621189181535406;-0,4748151862429575;-0,35667494393873245;-0,2231435513142097;0,0;0,1823215567939549;0,4700036292457357;0,9162907318741551;0;0;0;0;0;0;0;0;0;0;0;0;0;0;0;1;0;0;0;0;0;0;0;0;0;0;622;-0,4748151862429575
-0,9162907318741551;-0,5108256237659905;-0,4748151862429575;-0,3078847797693003;-0,16251892949777424;0,0;0,2623642644674913;0,5877866649021195;0,9932517730102832;0;0;0;0;0;0;0;0;0;0;0;0;0;0;0;0;1;0;0;0;0;0;0;0;0;0;622;-0,4748151862429575
-0,6931471805599454;-0,56099288248401;-0,4718401770530374;-0,30932124755526225;-0,19153821189887843;0,0;0,17618656822643874;0,501608968661067;1,0124345924270566;0;0;0;0;0;0;0;0;0;0;0;0;0;0;0;0;0;1;0;0;0;0;0;0;0;0;622;-0,56099288248401
-0,7801585575495755;-0,613104472886409;-0,4054651081081646;-0,2876820724517808;-0,1823215567939549;0,0;0,2231435513142097;0,5108256237659905;0,9162907318741542;0;0;0;0;0;0;0;0;0;0;0;0;0;0;0;0;0;0;1;0;0;0;0;0;0;0;622;-0,6571367430369124
-0,8754687373539003;-0,6571367430369124;-0,49703230163365486;-0,35667494393873245;-0,1823215567939549;0,0;0,2231435513142097;0,5108256237659905;0,9162907318741542;0;0;0;0;0;0;0;0;0;0;0;0;0;0;0;0;0;0;0;1;0;0;0;0;0;0;622;-0,6571367430369124
-0,7731898882334818;-0,6190392084062237;-0,485507815781701;-0,2623642644674913;-0,1670540846631665;0,0;0,2076393647782444;0,4307829160924541;0,8362480242006178;0;0;0;0;0;0;0;0;0;0;0;0;0;0;0;0;0;0;0;0;1;0;0;0;0;0;622;-0,7371794507104488
-0,9808292530117262;-0,6571367430369124;-0,5389965007326873;-0,4054651081081646;-0,1823215567939549;0,0;0,2231435513142097;0,5108256237659905;0,9162907318741542;0;0;0;0;0;0;0;0;0;0;0;0;0;0;0;0;0;0;0;0;0;1;0;0;0;0;622;-0,6571367430369124
-1,0455455677314172;-0,6571367430369124;-0,5389965007326873;-0,4054651081081646;-0,212780764278663;0,0;0,2231435513142097;0,5108256237659905;0,9162907318741542;0;0;0;0;0;0;0;0;0;0;0;0;0;0;0;0;0;0;0;0;0;0;1;0;0;0;622;-0,6571367430369124
-0,8586616190375187;-0,6403296247205308;-0,5221893824163057;-0,388657989791783;-0,21680773286512345;0,0;0,17095779814363965;0,43880152837575626;0,9330978501905358;0;0;0;0;0;0;0;0;0;0;0;0;0;0;0;0;0;0;0;0;0;0;0;1;0;0;622;-0,6403296247205308
-0,7793248768009979;-0,56099288248401;-0,5593864564357363;-0,30932124755526225;-0,19153821189887843;0,0;0,17618656822643874;0,501608968661067;0,9070740767692307;0;0;0;0;0;0;0;0;0;0;0;0;0;0;0;0;0;0;0;0;0;0;0;0;1;0;622;-0,56099288248401
-0,9162907318741551;-0,8362480242006187;-0,6286086594223743;-0,442544116349584;-0,2231435513142097;0,0;0,38299225225610556;0,8472978603872034;1,2992829841302607;0;0;0;0;0;0;0;0;0;0;0;0;0;0;0;0;0;0;0;0;0;0;0;0;0;1;622;-0,8802802943511221
-1,0116009116784799;-0,5701253660472823;-0,4519851237430572;-0,3184537311185345;-0,14660347419187492;0,0;0,19885085874516406;0,49247648509779474;0,9343092373768336;0;0;0;0;0;0;0;0;0;0;0;0;0;0;0;0;0;0;0;0;0;0;0;0;0;0;678;-0,48391817084606625
-1,203972804325936;-0,6931471805599454;-0,4004775665971252;-0,35667494393873245;-0,2231435513142097;0,0;0,23996133624036098;0,6289286082332959;1,0986122886681091;1;0;0;0;0;0;0;0;0;0;0;0;0;0;0;0;0;0;0;0;0;0;0;0;0;0;678;-0,3886079910417415
-1,09861228866811;-0,5877866649021195;-0,3694546705851316;-0,2832474753839156;-0,11778303565638382;0,0;0,2876820724517808;0,5108256237659905;1,021651247531981;0;1;0;0;0;0;0;0;0;0;0;0;0;0;0;0;0;0;0;0;0;0;0;0;0;0;678;-0,2832474753839156
-0,9162907318741551;-0,4748151862429575;-0,3886079910417415;-0,35667494393873245;-0,2231435513142097;0,0;0,4054651081081646;0,6931471805599454;1,1975522365230145;0;0;1;0;0;0;0;0;0;0;0;0;0;0;0;0;0;0;0;0;0;0;0;0;0;0;678;-0,3886079910417415
-1,1802537177053418;-0,7102500884596061;-0,4101454960092674;-0,208263413360819;-0,15063430052418347;0,0;0,2228977604809721;0,5425128800357619;0,9944980037788191;0;0;0;1;0;0;0;0;0;0;0;0;0;0;0;0;0;0;0;0;0;0;0;0;0;0;678;-0,1825673476271925
-0,9162907318741551;-0,5108256237659905;-0,3886079910417415;-0,35667494393873245;-0,2231435513142097;0,0;0,25044738584155457;0,6931471805599454;1,0986122886681091;0;0;0;0;1;0;0;0;0;0;0;0;0;0;0;0;0;0;0;0;0;0;0;0;0;0;678;-0,3886079910417415
-1,0414538748281617;-0,7537718023763809;-0,31229625674518324;-0,22608906154396724;-0,1941560144409582;0,0;0,2184265614360701;0,5679840376059389;1,0788096613719294;0;0;0;0;0;1;0;0;0;0;0;0;0;0;0;0;0;0;0;0;0;0;0;0;0;0;678;-0,22608906154396724
-1,7316555451583495;-1,220829921392359;-0,8153648132841944;-0,3453611840384587;-0,086207195201216;0,0;0,16546443972753178;0,3886079910417415;0,7940730991499061;0;0;0;0;0;0;1;0;0;0;0;0;0;0;0;0;0;0;0;0;0;0;0;0;0;0;678;0,0
-1,9151563473719788;-1,2220091668120343;-0,8165440587038697;-0,3057184349378792;-0,00117924541967529;0,0;0,22490981612429195;0,5697503024160211;1,0805759261820116;0;0;0;0;0;0;0;1;0;0;0;0;0;0;0;0;0;0;0;0;0;0;0;0;0;0;678;-0,00117924541967529
-1,5085119938441398;-0,8153648132841944;-0,4098997051760298;-0,086207195201216;0,0;0,0;0,16546443972753178;0,47844869504153653;0,976394655943861;0;0;0;0;0;0;0;0;1;0;0;0;0;0;0;0;0;0;0;0;0;0;0;0;0;0;678;0,0
-1,163150809805681;-0,6931471805599454;-0,2516716349287478;-0,16546443972753178;-0,16546443972753178;0,0;0,2231435513142097;0,4414755456311976;0,9162907318741551;0;0;0;0;0;0;0;0;0;1;0;0;0;0;0;0;0;0;0;0;0;0;0;0;0;0;678;-0,16546443972753178
-1,4830239875784423;-0,854415328156068;-0,3435897043900775;-0,1252577100730896;-0,03905051487187361;0,0;0,24419696051204198;0,5318790329638228;1,0427046567298133;0;0;0;0;0;0;0;0;0;0;1;0;0;0;0;0;0;0;0;0;0;0;0;0;0;0;678;-0,03905051487187361
-1,163150809805681;-0,5753641449035616;-0,2516716349287478;-0,16546443972753178;-0,13353139262452274;0,0;0,2231435513142097;0,5276827408324136;0,9695945038964675;0;0;0;0;0;0;0;0;0;0;0;1;0;0;0;0;0;0;0;0;0;0;0;0;0;0;678;-0,16546443972753178
-1,0296194171811583;-0,5596157879354227;-0,11814024230422504;-0,03193304710300904;-0,03193304710300904;0,0;0,1632115467259334;0,37353206100515557;0,8266785731844681;0;0;0;0;0;0;0;0;0;0;0;0;1;0;0;0;0;0;0;0;0;0;0;0;0;0;678;-0,03193304710300904
-1,3862943611198908;-0,9808292530117262;-0,4700036292457357;-0,2516716349287478;-0,16546443972753178;0,0;0,2231435513142097;0,5276827408324136;1,0560526742493144;0;0;0;0;0;0;0;0;0;0;0;0;0;1;0;0;0;0;0;0;0;0;0;0;0;0;678;-0,16546443972753178
-1,4759065198095778;-0,8472978603872034;-0,44183275227903884;-0,11814024230422504;-0,03193304710300904;0,0;0,1941560144409582;0,5389965007326873;0,9985288301111277;0;0;0;0;0;0;0;0;0;0;0;0;0;0;1;0;0;0;0;0;0;0;0;0;0;0;678;-0,03193304710300904
-1,0116009116784799;-0,5701253660472823;-0,48391817084606625;-0,3184537311185345;-0,20067069546215066;0,0;0,20479441264601395;0,49247648509779474;0,9343092373768336;0;0;0;0;0;0;0;0;0;0;0;0;0;0;0;1;0;0;0;0;0;0;0;0;0;0;678;-0,48391817084606625
-0,8021809415840675;-0,4976417520658636;-0,46570870496285455;-0,3321773123383318;-0,19241536996317254;0,0;0,22743847559709085;0,5328201251482731;0,989578527643987;0;0;0;0;0;0;0;0;0;0;0;0;0;0;0;0;1;0;0;0;0;0;0;0;0;0;678;-0,4976417520658636
-0,6571367430369124;-0,5709295478356964;-0,4700036292457357;-0,4004775665971252;-0,1823215567939549;0,0;0,15415067982725805;0,5108256237659905;0,9162907318741542;0;0;0;0;0;0;0;0;0;0;0;0;0;0;0;0;0;1;0;0;0;0;0;0;0;0;678;-0,5709295478356964
-0,8112874228641704;-0,6649763035932486;-0,4989911661189872;-0,33647223662121295;-0,15415067982725805;0,0;0,19415601444095731;0,35667494393873245;0,7621400520468962;0;0;0;0;0;0;0;0;0;0;0;0;0;0;0;0;0;0;1;0;0;0;0;0;0;0;678;-0,7250802276629544
-0,8602012652231119;-0,6190392084062237;-0,485507815781701;-0,3349349573023268;-0,1670540846631665;0,0;0,1517301703387277;0,4307829160924541;0,8362480242006178;0;0;0;0;0;0;0;0;0;0;0;0;0;0;0;0;0;0;0;1;0;0;0;0;0;0;678;-0,6509722555092328
-0,7308875085427928;-0,5232481437645484;-0,4054651081081646;-0,3001045924503387;-0,11778303565638382;0,0;0,16989903679539697;0,3930425881096067;0,7985076962177704;0;0;0;0;0;0;0;0;0;0;0;0;0;0;0;0;0;0;0;0;1;0;0;0;0;0;678;-0,6887125834920802
-0,9555114450274367;-0,6509722555092328;-0,485507815781701;-0,33171434260228416;-0,1670540846631665;0,0;0,2076393647782444;0,4307829160924541;0,9007865453381907;0;0;0;0;0;0;0;0;0;0;0;0;0;0;0;0;0;0;0;0;0;1;0;0;0;0;678;-0,6509722555092328
-0,8754687373539003;-0,5709295478356964;-0,5389965007326873;-0,4054651081081646;-0,1823215567939549;0,0;0,19117117207093592;0,5108256237659905;0,9162907318741542;0;0;0;0;0;0;0;0;0;0;0;0;0;0;0;0;0;0;0;0;0;0;1;0;0;0;678;-0,5709295478356964
-0,7129498078561252;-0,5907321751318761;-0,48980625654191545;-0,30748469974796055;-0,20212418409013466;0,0;0,20334092401802994;0,49102299646981074;0,8964881045779745;0;0;0;0;0;0;0;0;0;0;0;0;0;0;0;0;0;0;0;0;0;0;0;1;0;0;678;-0,5907321751318761
-0,8754687373539003;-0,5709295478356964;-0,5389965007326873;-0,35074020841891773;-0,1823215567939549;0,0;0,2231435513142097;0,5108256237659905;0,9162907318741542;0;0;0;0;0;0;0;0;0;0;0;0;0;0;0;0;0;0;0;0;0;0;0;0;1;0;678;-0,5709295478356964
-0,8586116202874772;-0,7985076962177713;-0,5753641449035616;-0,4700036292457357;-0,2876820724517808;0,0;0,3184537311185345;0,7827593392496324;1,252762968495369;0;0;0;0;0;0;0;0;0;0;0;0;0;0;0;0;0;0;0;0;0;0;0;0;0;1;678;-0,8586116202874772
-0,9808292530117262;-0,5389965007326873;-0,5052854433903757;-0,38077249551779335;-0,1823215567939549;0,0;0,22180932830107114;0,5108256237659905;0,9162907318741542;0;0;0;0;0;0;0;0;0;0;0;0;0;0;0;0;0;0;0;0;0;0;0;0;0;0;724;-0,5052854433903757
-1,021651247531981;-0,5108256237659905;-0,3285040669720356;-0,32296388659642083;-0,2231435513142097;0,0;0,1823215567939549;0,5877866649021195;1,0986122886681091;1;0;0;0;0;0;0;0;0;0;0;0;0;0;0;0;0;0;0;0;0;0;0;0;0;0;724;-0,32296388659642083
-1,203972804325936;-0,6931471805599454;-0,3886079910417415;-0,32296388659642083;-0,2231435513142097;0,0;0,1823215567939549;0,4054651081081646;0,9162907318741551;0;1;0;0;0;0;0;0;0;0;0;0;0;0;0;0;0;0;0;0;0;0;0;0;0;0;724;-0,32296388659642083
-1,0116009116784799;-0,48391817084606625;-0,4182740664007456;-0,38299225225610556;-0,20067069546215066;0,0;0,2762533766281585;0,5978370007556206;1,0079579203999787;0;0;1;0;0;0;0;0;0;0;0;0;0;0;0;0;0;0;0;0;0;0;0;0;0;0;724;-0,4182740664007456
-1,280933845462065;-0,8109302162163292;-0,4054651081081646;-0,2231435513142097;-0,21760337093859494;0,0;0,20067069546215066;0,5108256237659905;0,9706105528173978;0;0;0;1;0;0;0;0;0;0;0;0;0;0;0;0;0;0;0;0;0;0;0;0;0;0;724;-0,21760337093859494
-0,9583635082960624;-0,5798184952529422;-0,5461074379106305;-0,38566248081198395;-0,2231435513142097;0,0;0,1823215567939549;0,5525048507574795;0,9707789171582251;0;0;0;0;1;0;0;0;0;0;0;0;0;0;0;0;0;0;0;0;0;0;0;0;0;0;724;-0,5461074379106305
-1,1394342831883648;-0,5978370007556206;-0,35667494393873245;-0,32296388659642083;-0,2231435513142097;0,0;0,1823215567939549;0,4054651081081646;0,9555114450274367;0;0;0;0;0;1;0;0;0;0;0;0;0;0;0;0;0;0;0;0;0;0;0;0;0;0;724;-0,32296388659642083
-1,7972996496036702;-1,2376838616682475;-0,816470396591944;-0,37018329396352456;-0,06564410444532065;0,0;0,09982033528221113;0,4182740664007456;0,7284289947045854;0;0;0;0;0;0;1;0;0;0;0;0;0;0;0;0;0;0;0;0;0;0;0;0;0;0;724;0,0
-1,8971199848858813;-1,2465324187447315;-0,6931471805599454;-0,2876820724517808;-0,09982033528221113;0,0;0,24000066838063283;0,5596157879354227;1,0116009116784799;0;0;0;0;0;0;0;1;0;0;0;0;0;0;0;0;0;0;0;0;0;0;0;0;0;0;724;-0,09982033528221113
-1,5096175771518894;-0,8810089177295151;-0,47554380962135046;-0,06564410444532065;0,0;0,0;0,21760337093859494;0,5052854433903757;1,0161110671563662;0;0;0;0;0;0;0;0;1;0;0;0;0;0;0;0;0;0;0;0;0;0;0;0;0;0;724;0,0
-1,163150809805681;-0,6931471805599454;-0,16546443972753178;-0,09982033528221113;-0,09982033528221113;0,0;0,2231435513142097;0,5596157879354227;0,9784201033397046;0;0;0;0;0;0;0;0;0;1;0;0;0;0;0;0;0;0;0;0;0;0;0;0;0;0;724;-0,09982033528221113
-1,3862943611198908;-0,7985076962177713;-0,2876820724517808;-0,13353139262452274;-0,09982033528221113;0,0;0,2231435513142097;0,5276827408324136;0,9162907318741551;0;0;0;0;0;0;0;0;0;0;1;0;0;0;0;0;0;0;0;0;0;0;0;0;0;0;724;-0,09982033528221113
-0,9808292530117262;-0,4700036292457357;-0,16546443972753178;-0,09982033528221113;-0,09982033528221113;0,0;0,2231435513142097;0,6286086594223743;1,016226560486758;0;0;0;0;0;0;0;0;0;0;0;1;0;0;0;0;0;0;0;0;0;0;0;0;0;0;724;-0,09982033528221113
-0,9149565088610165;-0,5549537748296096;-0,09959169557682213;-0,033947591131501476;-0,033947591131501476;0,0;0,18365577980709347;0,47133785225887426;0,9308701816373146;0;0;0;0;0;0;0;0;0;0;0;0;1;0;0;0;0;0;0;0;0;0;0;0;0;0;724;-0,033947591131501476
-1,3862943611198908;-0,7444404749474955;-0,3746934494414109;-0,13353139262452274;-0,09982033528221113;0,0;0,2231435513142097;0,485507815781701;0,9650808960435873;0;0;0;0;0;0;0;0;0;0;0;0;0;1;0;0;0;0;0;0;0;0;0;0;0;0;724;-0,09982033528221113
-1,2864740258376797;-0,8810089177295151;-0,3822558751977967;-0,06564410444532065;0,0;0,0;0,29250467911171274;0,5853281510639121;1,0161110671563662;0;0;0;0;0;0;0;0;0;0;0;0;0;0;1;0;0;0;0;0;0;0;0;0;0;0;724;0,0
-1,09861228866811;-0,5709295478356964;-0,5052854433903757;-0,3992345583575281;-0,1823215567939549;0,0;0,2231435513142097;0,5108256237659905;0,9162907318741542;0;0;0;0;0;0;0;0;0;0;0;0;0;0;0;1;0;0;0;0;0;0;0;0;0;0;724;-0,5052854433903757
-0,8001757533184684;-0,5052854433903757;-0,45675840249571475;-0,34484048629172914;-0,1823215567939549;0,0;0,2231435513142097;0,5108256237659905;0,9162907318741542;0;0;0;0;0;0;0;0;0;0;0;0;0;0;0;0;1;0;0;0;0;0;0;0;0;0;724;-0,5052854433903757
-0,6509722555092328;-0,5853281510639121;-0,485507815781701;-0,2825669717850108;-0,1670540846631665;0,0;0,14310084364067333;0,4307829160924541;0,9007865453381907;0;0;0;0;0;0;0;0;0;0;0;0;0;0;0;0;0;1;0;0;0;0;0;0;0;0;724;-0,5853281510639121
-0,762140052046897;-0,6286086594223743;-0,4359243155928727;-0,35667494393873245;-0,2231435513142097;0,0;0,1823215567939549;0,38299225225610556;0,818310323513951;0;0;0;0;0;0;0;0;0;0;0;0;0;0;0;0;0;0;1;0;0;0;0;0;0;0;724;-0,7284289947045854
-0,8362480242006187;-0,6286086594223743;-0,5108256237659905;-0,4054651081081646;-0,2231435513142097;0,0;0,1823215567939549;0,38299225225610556;0,7884573603642702;0;0;0;0;0;0;0;0;0;0;0;0;0;0;0;0;0;0;0;1;0;0;0;0;0;0;724;-0,7284289947045854
-0,7284289947045854;-0,5679840376059389;-0,4054651081081646;-0,31015492830383984;-0,14310084364067333;0,0;0,1823215567939549;0,38299225225610556;0,7259370033829358;0;0;0;0;0;0;0;0;0;0;0;0;0;0;0;0;0;0;0;0;1;0;0;0;0;0;724;-0,7284289947045854
-0,9162907318741551;-0,6931471805599454;-0,5108256237659905;-0,4054651081081646;-0,2231435513142097;0,0;0,1823215567939549;0,4700036292457357;0,8472978603872034;0;0;0;0;0;0;0;0;0;0;0;0;0;0;0;0;0;0;0;0;0;1;0;0;0;0;724;-0,7284289947045854
-0,8109302162163292;-0,6230684790467595;-0,5040584493714073;-0,3001045924503387;-0,11778303565638382;0,0;0,16989903679539697;0,3930425881096067;0,7985076962177704;0;0;0;0;0;0;0;0;0;0;0;0;0;0;0;0;0;0;0;0;0;0;1;0;0;0;724;-0,6230684790467595
-0,8472978603872034;-0,6594361232176338;-0,5596157879354227;-0,33647223662121295;-0,15415067982725805;0,0;0,13353139262452274;0,35667494393873245;0,7621400520468962;0;0;0;0;0;0;0;0;0;0;0;0;0;0;0;0;0;0;0;0;0;0;0;1;0;0;724;-0,6594361232176338
-0,6509722555092328;-0,5853281510639121;-0,485507815781701;-0,3349349573023268;-0,17894265632841844;0,0;0,14310084364067333;0,4307829160924541;0,8362480242006178;0;0;0;0;0;0;0;0;0;0;0;0;0;0;0;0;0;0;0;0;0;0;0;0;1;0;724;-0,5853281510639121
-0,9162907318741551;-0,8109302162163292;-0,6390799592896697;-0,49247648509779474;-0,25131442828090655;0,0;0,3083013596545161;0,6931471805599445;1,1519775092075557;0;0;0;0;0;0;0;0;0;0;0;0;0;0;0;0;0;0;0;0;0;0;0;0;0;1;724;-0,9107505514985403
-0,9312187524583901;-0,48653293119694396;-0,46121512321265445;-0,29994697561653183;-0,23807157189844474;0,0;0,16739353620971986;0,45507560866150065;0,8605407167696644;0;0;0;0;0;0;0;0;0;0;0;0;0;0;0;0;0;0;0;0;0;0;0;0;0;0;788;-0,4763287610227023
-1,189584066873837;-0,6505875661411498;-0,3780191314994168;-0,3780191314994168;-0,24512245803298516;0,0;0,26570316573300534;0,5533852381847861;0,9588503462929499;1;0;0;0;0;0;0;0;0;0;0;0;0;0;0;0;0;0;0;0;0;0;0;0;0;0;788;-0,3780191314994168
-1,197012219378311;-0,7234823803560175;-0,27879655909457135;-0,26859238892032966;-0,13569571545389802;0,0;0,3061370368251408;0,5574514651060474;1,068277088872037;0;1;0;0;0;0;0;0;0;0;0;0;0;0;0;0;0;0;0;0;0;0;0;0;0;0;788;-0,26859238892032966
-1,09861228866811;-0,5389965007326873;-0,4205787459182124;-0,4054651081081646;-0,2025242641114744;0,0;0,2231435513142097;0,5319998589973975;1,203972804325936;0;0;1;0;0;0;0;0;0;0;0;0;0;0;0;0;0;0;0;0;0;0;0;0;0;0;788;-0,4205787459182124
-1,203972804325936;-0,7985076962177713;-0,35667494393873245;-0,23825718912425753;-0,2231435513142097;0,0;0,2623642644674913;0,4700036292457357;0,9162907318741551;0;0;0;1;0;0;0;0;0;0;0;0;0;0;0;0;0;0;0;0;0;0;0;0;0;0;788;-0,23825718912425753
-0,987308219109436;-0,6171249251459114;-0,5315302971276825;-0,3995215542073165;-0,19885085874516584;0,0;0,18393476059358171;0,5813076988044097;0,9586019299458775;0;0;0;0;1;0;0;0;0;0;0;0;0;0;0;0;0;0;0;0;0;0;0;0;0;0;788;-0,5324182276737481
-1,1163571977106717;-0,5362286730024479;-0,33629092939562266;-0,33629092939562266;-0,20339425592919103;0,0;0,23843849634984782;0,5951134402885803;1,000578548396744;0;0;0;0;0;1;0;0;0;0;0;0;0;0;0;0;0;0;0;0;0;0;0;0;0;0;788;-0,33629092939562266
-1,7278556672485754;-1,371180723309843;-0,8704054353973536;-0,45488999143568787;-0,0847066974721633;0,0;0,07573825962648328;0,3335673689285823;0,7082608183699932;0;0;0;0;0;0;1;0;0;0;0;0;0;0;0;0;0;0;0;0;0;0;0;0;0;0;788;0,0
-1,9324871287231726;-1,1985179536429724;-0,7285143243972367;-0,25851069515150105;-0,05048078164733916;0,0;0,28308658728124314;0,593241515585083;1,020685530412023;0;0;0;0;0;0;0;1;0;0;0;0;0;0;0;0;0;0;0;0;0;0;0;0;0;0;788;-0,05048078164733916
-1,371180723309843;-0,8115649353744203;-0,45488999143568787;-0,0847066974721633;0,0;0,0;0,23825718912425753;0,4205787459182124;0,9314043696842029;0;0;0;0;0;0;0;0;1;0;0;0;0;0;0;0;0;0;0;0;0;0;0;0;0;0;788;0,0
-1,203972804325936;-0,6931471805599454;-0,32296388659642083;-0,23825718912425753;-0,2231435513142097;0,0;0,1823215567939549;0,45488999143568787;0,8754687373539003;0;0;0;0;0;0;0;0;0;1;0;0;0;0;0;0;0;0;0;0;0;0;0;0;0;0;788;-0,23825718912425753
-1,3516088031320006;-0,7537718023763809;-0,34830669426821625;-0,07573825962648328;-0,07573825962648328;0,0;0,16251892949777424;0,5327022234612988;0,9672074847906273;0;0;0;0;0;0;0;0;0;0;1;0;0;0;0;0;0;0;0;0;0;0;0;0;0;0;788;-0,07573825962648328
-1,0647107369924287;-0,5538851132264382;-0,18370181926291362;-0,09899512179075032;-0,09899512179075032;0,0;0,15316497250249927;0,5447271754416718;0,9721711902686119;0;0;0;0;0;0;0;0;0;0;0;1;0;0;0;0;0;0;0;0;0;0;0;0;0;0;788;-0,09899512179075032
-0,9808292530117262;-0,4700036292457357;-0,09982033528221113;-0,01511363781004782;-0,01511363781004782;0,0;0,2231435513142097;0,485507815781701;0,9162907318741551;0;0;0;0;0;0;0;0;0;0;0;0;1;0;0;0;0;0;0;0;0;0;0;0;0;0;788;-0,01511363781004782
-1,4469189829363263;-0,7537718023763809;-0,34830669426821625;-0,07573825962648328;-0,07573825962648328;0,0;0,24502015100951802;0,5679840376059389;1,0379876668516745;0;0;0;0;0;0;0;0;0;0;0;0;0;1;0;0;0;0;0;0;0;0;0;0;0;0;788;-0,07573825962648328
-1,3862943611198908;-0,8734707346912263;-0,4700036292457357;-0,09982033528221113;-0,01511363781004782;0,0;0,2231435513142097;0,5596157879354227;0,9162907318741551;0;0;0;0;0;0;0;0;0;0;0;0;0;0;1;0;0;0;0;0;0;0;0;0;0;0;788;-0,01511363781004782
-1,1786549963416464;-0,5500463369192721;-0,5006214535917488;-0,3677247801253172;-0,1670540846631665;0,0;0,1925257269681966;0,4307829160924541;0,8362480242006178;0;0;0;0;0;0;0;0;0;0;0;0;0;0;0;1;0;0;0;0;0;0;0;0;0;0;788;-0,5006214535917488
-0,7731898882334818;-0,5006214535917488;-0,485507815781701;-0,31365755885504143;-0,1670540846631665;0,0;0,2076393647782444;0,4307829160924541;0,8362480242006178;0;0;0;0;0;0;0;0;0;0;0;0;0;0;0;0;1;0;0;0;0;0;0;0;0;0;788;-0,5006214535917488
-0,6437222972324221;-0,6286086594223743;-0,5108256237659905;-0,4054651081081646;-0,2231435513142097;0,0;0,09531017980432477;0,2876820724517808;0,7884573603642702;0;0;0;0;0;0;0;0;0;0;0;0;0;0;0;0;0;1;0;0;0;0;0;0;0;0;788;-0,6437222972324221
-0,6437222972324221;-0,5108256237659905;-0,4054651081081646;-0,2231435513142097;-0,0837439934329609;0,0;0,2876820724517808;0,5108256237659905;0,9162907318741551;0;0;0;0;0;0;0;0;0;0;0;0;0;0;0;0;0;0;1;0;0;0;0;0;0;0;788;-0,6437222972324221
-0,762140052046897;-0,6286086594223743;-0,4054651081081646;-0,27443684570175986;-0,14310084364067333;0,0;0,2876820724517808;0,5108256237659905;0,929535958624176;0;0;0;0;0;0;0;0;0;0;0;0;0;0;0;0;0;0;0;1;0;0;0;0;0;0;788;-0,6437222972324221
-0,6931471805599454;-0,5274606842705234;-0,44493966058252;-0,27256843464173297;-0,11841775481447492;0,0;0,23825718912425753;0,46140074043846724;0,7978729770596802;0;0;0;0;0;0;0;0;0;0;0;0;0;0;0;0;0;0;0;0;1;0;0;0;0;0;788;-0,6931471805599454
-0,8352869477210678;-0,6931471805599454;-0,4700036292457357;-0,2876820724517808;-0,13353139262452274;0,0;0,2231435513142097;0,5232481437645475;0,9162907318741551;0;0;0;0;0;0;0;0;0;0;0;0;0;0;0;0;0;0;0;0;0;1;0;0;0;0;788;-0,7082608183699932
-0,9162907318741551;-0,6437222972324221;-0,5108256237659905;-0,4054651081081646;-0,2231435513142097;0,0;0,12516314295400566;0,38299225225610556;0,7632949404620257;0;0;0;0;0;0;0;0;0;0;0;0;0;0;0;0;0;0;0;0;0;0;1;0;0;0;788;-0,6437222972324221
-0,762140052046897;-0,6437222972324221;-0,5108256237659905;-0,4054651081081646;-0,2231435513142097;0,0;0,1823215567939549;0,38299225225610556;0,7576857016975174;0;0;0;0;0;0;0;0;0;0;0;0;0;0;0;0;0;0;0;0;0;0;0;1;0;0;788;-0,6437222972324221
-0,7284289947045854;-0,6437222972324221;-0,5108256237659905;-0,4054651081081646;-0,2231435513142097;0,0;0,06453852113757108;0,2876820724517808;0,6931471805599445;0;0;0;0;0;0;0;0;0;0;0;0;0;0;0;0;0;0;0;0;0;0;0;0;1;0;788;-0,6437222972324221
-0,9314043696842029;-0,867500567704723;-0,6931471805599454;-0,5108256237659905;-0,2876820724517808;0,0;0,2231435513142097;0,6931471805599454;1,0986122886681091;0;0;0;0;0;0;0;0;0;0;0;0;0;0;0;0;0;0;0;0;0;0;0;0;0;1;788;-0,9314043696842029
-1,09861228866811;-0,6286086594223743;-0,5332984796180495;-0,4054651081081646;-0,2231435513142097;0,0;0,1823215567939549;0,38299225225610556;0,6931471805599445;0;0;0;0;0;0;0;0;0;0;0;0;0;0;0;0;0;0;0;0;0;0;0;0;0;0;880;-0,5332984796180495
-1,2321436812926327;-0,6931471805599454;-0,4054651081081646;-0,31015492830383984;-0,1823215567939549;0,0;0,2876820724517808;0,6061358035703153;1,0986122886681091;1;0;0;0;0;0;0;0;0;0;0;0;0;0;0;0;0;0;0;0;0;0;0;0;0;0;880;-0,31015492830383984
-1,310133000154325;-1,0224509277025442;-0,46283513976712154;-0,24220904029166412;-0,21152071148621499;0,0;0,2993049122797755;0,5839824757112604;0,99245209283972;0;1;0;0;0;0;0;0;0;0;0;0;0;0;0;0;0;0;0;0;0;0;0;0;0;0;880;-0,23399356733827403
-1,166270937141923;-0,5478473027779138;-0,3778135767776529;-0,3553407209255939;-0,24998020526776799;0,0;0,2200234239779677;0,5384771550965022;1,0850208614645727;0;0;1;0;0;0;0;0;0;0;0;0;0;0;0;0;0;0;0;0;0;0;0;0;0;0;880;-0,3778135767776529
-1,4197291372061285;-0,9497255079603928;-0,5442603998522282;-0,2565783274004474;-0,16126814759612262;0,0;0,30303746053497527;0,5543518888158818;1,0651775125818714;0;0;0;1;0;0;0;0;0;0;0;0;0;0;0;0;0;0;0;0;0;0;0;0;0;0;880;-0,16126814759612262
-1,09861228866811;-0,6437222972324221;-0,5332984796180495;-0,4054651081081646;-0,2231435513142097;0,0;0,2876820724517808;0,6592456288842641;1,09861228866811;0;0;0;0;1;0;0;0;0;0;0;0;0;0;0;0;0;0;0;0;0;0;0;0;0;0;880;-0,5332984796180495
-1,252762968495368;-0,5875009914249585;-0,47573430395472016;-0,44183275227903884;-0,24116205681688818;0,0;0,13353139262452274;0,4519851237430572;0,9162907318741551;0;0;0;0;0;1;0;0;0;0;0;0;0;0;0;0;0;0;0;0;0;0;0;0;0;0;880;-0,4643056081310979
-2,17475172148416;-1,4816045409242156;-1,076139432816051;-0,5653138090500605;-0,11551288712184427;0,0;0,055262678675049415;0,31015492830383984;0,8209805520698303;0;0;0;0;0;0;1;0;0;0;0;0;0;0;0;0;0;0;0;0;0;0;0;0;0;0;880;0,0
-1,8352445811677942;-1,1420974006078488;-0,7961464200320956;-0,29479954022064536;-0,06595796779179786;0,0;0,24419696051204198;0,5318790329638228;0,9781661355922422;0;0;0;0;0;0;0;1;0;0;0;0;0;0;0;0;0;0;0;0;0;0;0;0;0;0;880;-0,06595796779179786
-1,5040773967762746;-0,944461608840852;-0,5877866649021195;-0,13289667346643164;-0,022472855852059048;0,0;0,20067069546215066;0,5108256237659905;0,8938178760220961;0;0;0;0;0;0;0;0;1;0;0;0;0;0;0;0;0;0;0;0;0;0;0;0;0;0;880;-0,022472855852059048
-1,2992829841302607;-0,7884573603642702;-0,3184537311185345;-0,2231435513142097;-0,20067069546215066;0,0;0,24116205681688818;0,49247648509779474;0,9662922832298841;0;0;0;0;0;0;0;0;0;1;0;0;0;0;0;0;0;0;0;0;0;0;0;0;0;0;880;-0,2231435513142097
-1,6094379124341005;-0,9162907318741551;-0,5108256237659905;-0,12783337150988494;-0,12783337150988494;0,0;0,21511137961694615;0,5306282510621703;1,0296194171811583;0;0;0;0;0;0;0;0;0;0;1;0;0;0;0;0;0;0;0;0;0;0;0;0;0;0;880;-0,12783337150988494
-1,278337219614797;-0,7985076962177713;-0,35667494393873245;-0,17435338714477755;-0,12783337150988494;0,0;0,1823215567939549;0,4700036292457357;0,9162907318741551;0;0;0;0;0;0;0;0;0;0;0;1;0;0;0;0;0;0;0;0;0;0;0;0;0;0;880;-0,12783337150988494
-1,09861228866811;-0,5877866649021195;-0,13289667346643164;-0,05715841383994835;-0,022472855852059048;0,0;0,2876820724517808;0,5108256237659905;0,9793698552753751;0;0;0;0;0;0;0;0;0;0;0;0;1;0;0;0;0;0;0;0;0;0;0;0;0;0;880;-0,022472855852059048
-1,4271163556401456;-0,9162907318741551;-0,5108256237659905;-0,2231435513142097;-0,12783337150988494;0,0;0,1823215567939549;0,4700036292457357;0,9756156859588359;0;0;0;0;0;0;0;0;0;0;0;0;0;1;0;0;0;0;0;0;0;0;0;0;0;0;880;-0,12783337150988494
-1,5040773967762746;-0,944461608840852;-0,5877866649021195;-0,13289667346643164;-0,022472855852059048;0,0;0,2876820724517808;0,5108256237659905;1,021651247531981;0;0;0;0;0;0;0;0;0;0;0;0;0;0;1;0;0;0;0;0;0;0;0;0;0;0;880;-0,022472855852059048
-1,203972804325936;-0,6286086594223743;-0,5332984796180495;-0,4054651081081646;-0,2231435513142097;0,0;0,1823215567939549;0,42744401482694006;0,8334886651130171;0;0;0;0;0;0;0;0;0;0;0;0;0;0;0;1;0;0;0;0;0;0;0;0;0;0;880;-0,5332984796180495
-0,9162907318741551;-0,5332984796180495;-0,5108256237659905;-0,4054651081081646;-0,2231435513142097;0,0;0,1823215567939549;0,4700036292457357;0,8472978603872034;0;0;0;0;0;0;0;0;0;0;0;0;0;0;0;0;1;0;0;0;0;0;0;0;0;0;880;-0,5332984796180495
-0,7082608183699932;-0,5978370007556206;-0,4700036292457357;-0,2876820724517808;-0,13353139262452274;0,0;0,2231435513142097;0,5596157879354227;0,9162907318741551;0;0;0;0;0;0;0;0;0;0;0;0;0;0;0;0;0;1;0;0;0;0;0;0;0;0;880;-0,5978370007556206
-0,8109302162163292;-0,5877866649021195;-0,49247648509779474;-0,3254224004346282;-0,1823215567939549;0,0;0,20067069546215066;0,5108256237659896;0,8232003088081425;0;0;0;0;0;0;0;0;0;0;0;0;0;0;0;0;0;0;1;0;0;0;0;0;0;0;880;-0,7156200364120044
-0,9219887529887929;-0,6706743247078863;-0,5653138090500605;-0,38299225225610556;-0,15984870094189585;0,0;0,12783337150988494;0,5332984796180487;0,8209805520698303;0;0;0;0;0;0;0;0;0;0;0;0;0;0;0;0;0;0;0;1;0;0;0;0;0;0;880;-0,6931471805599454
-0,9162907318741551;-0,6931471805599454;-0,5108256237659905;-0,35667494393873245;-0,23572233352106942;0,0;0,09531017980432477;0,4054651081081637;0,6931471805599454;0;0;0;0;0;0;0;0;0;0;0;0;0;0;0;0;0;0;0;0;1;0;0;0;0;0;880;-0,8209805520698303
-1,025119511858306;-0,7738050835773995;-0,5822668716785211;-0,42549838930918416;-0,262979459811409;0,0;0,16446455501553103;0,4301677207485355;0,7901704547799433;0;0;0;0;0;0;0;0;0;0;0;0;0;0;0;0;0;0;0;0;0;1;0;0;0;0;880;-0,7962779394294586
-0,9765137344465042;-0,6375383676071733;-0,5097049960972884;-0,32738343930333347;-0,10423988798912376;0,0;0,18344218446265703;0,48354677691299486;0,8765893650226024;0;0;0;0;0;0;0;0;0;0;0;0;0;0;0;0;0;0;0;0;0;0;1;0;0;0;880;-0,6375383676071733
-0,8432655968592648;-0,6286086594223743;-0,5007752879124894;-0,3184537311185345;-0,09531017980432477;0,0;0,19237189264745602;0,41551544396166573;0,7939518796819112;0;0;0;0;0;0;0;0;0;0;0;0;0;0;0;0;0;0;0;0;0;0;0;1;0;0;880;-0,6286086594223743
-0,7769629809385341;-0,5481214085096866;-0,4715813313873518;-0,2530801180158946;-0,15792377253231038;0,0;0,27285914356014374;0,49600269487435344;0,8324749314955664;0;0;0;0;0;0;0;0;0;0;0;0;0;0;0;0;0;0;0;0;0;0;0;0;1;0;880;-0,5481214085096866
-0,9162907318741551;-0,7985076962177713;-0,5978370007556206;-0,40346710544549147;-0,2231435513142097;0,0;0,4054651081081637;0,6931471805599454;1,252762968495368;0;0;0;0;0;0;0;0;0;0;0;0;0;0;0;0;0;0;0;0;0;0;0;0;0;1;880;-0,8209805520698303
-1,09861228866811;-0,5332984796180495;-0,4705371048518794;-0,4054651081081646;-0,2231435513142097;0,0;0,1823215567939549;0,38299225225610556;0,7576857016975174;0;0;0;0;0;0;0;0;0;0;0;0;0;0;0;0;0;0;0;0;0;0;0;0;0;0;937;-0,4705371048518794
-1,1786549963416464;-0,6190392084062237;-0,3901976359773762;-0,32743626121120606;-0,2623642644674913;0,0;0,2384110234449981;0,5260930958967789;0,9903987040278768;1;0;0;0;0;0;0;0;0;0;0;0;0;0;0;0;0;0;0;0;0;0;0;0;0;0;937;-0,32743626121120606
-1,3862943611198908;-0,9162907318741551;-0,5389965007326873;-0,2876820724517808;-0,2315118009847268;0,0;0,2231435513142097;0,5108256237659905;0,9162907318741542;0;1;0;0;0;0;0;0;0;0;0;0;0;0;0;0;0;0;0;0;0;0;0;0;0;0;937;-0,24739355353766967
-0,9555114450274367;-0,3901976359773762;-0,32743626121120606;-0,32743626121120606;-0,23280546222594634;0,0;0,27879655909457135;0,6539264674066638;1,1239300966523995;0;0;1;0;0;0;0;0;0;0;0;0;0;0;0;0;0;0;0;0;0;0;0;0;0;0;937;-0,32743626121120606
-1,3862943611198908;-1,09861228866811;-0,6931471805599454;-0,2876820724517808;-0,24632688676986714;0,0;0,2231435513142097;0,5108256237659905;0,9162907318741542;0;0;0;1;0;0;0;0;0;0;0;0;0;0;0;0;0;0;0;0;0;0;0;0;0;0;937;-0,24739355353766967
-1,09861228866811;-0,6286086594223743;-0,4705371048518794;-0,4054651081081646;-0,2231435513142097;0,0;0,2876820724517808;0,6931471805599445;1,2039728043259368;0;0;0;0;1;0;0;0;0;0;0;0;0;0;0;0;0;0;0;0;0;0;0;0;0;0;937;-0,4705371048518794
-1,252762968495368;-0,6241543090729937;-0,40582231475600583;-0,3930425881096067;-0,16504312099368157;0,0;0,19415601444095731;0,4519851237430572;0,9162907318741551;0;0;0;0;0;1;0;0;0;0;0;0;0;0;0;0;0;0;0;0;0;0;0;0;0;0;937;-0,4015442333649277
-2,0143695449361205;-1,321222364376176;-0,8512187351304403;-0,4457536270222757;-0,06276137476617016;0,0;0,06507199674371478;0,4705371048518794;0,8535293571079849;0;0;0;0;0;0;1;0;0;0;0;0;0;0;0;0;0;0;0;0;0;0;0;0;0;0;937;0,0
-1,927891643552635;-1,2992829841302607;-0,7884573603642702;-0,2768320564277138;-0,16038217654803955;0,0;0,23183296152836963;0,5327650040119059;1,0033021088637843;0;0;0;0;0;0;0;1;0;0;0;0;0;0;0;0;0;0;0;0;0;0;0;0;0;0;937;-0,16038217654803955
-1,6094379124341005;-1,0498221244986778;-0,6931471805599454;-0,1346749033266006;-0,06507199674371478;0,0;0,1823215567939549;0,4700036292457357;0,9162907318741551;0;0;0;0;0;0;0;0;1;0;0;0;0;0;0;0;0;0;0;0;0;0;0;0;0;0;937;-0,06507199674371478
-1,3862943611198908;-0,8754687373539003;-0,4054651081081646;-0,24739355353766967;-0,212780764278663;0,0;0,2231435513142097;0,5108256237659905;0,9162907318741542;0;0;0;0;0;0;0;0;0;1;0;0;0;0;0;0;0;0;0;0;0;0;0;0;0;0;937;-0,24739355353766967
-1,4816045409242156;-1,0116009116784799;-0,4519851237430572;-0,16038217654803955;-0,16038217654803955;0,0;0,24116205681688818;0,5198754592859087;1,0033021088637843;0;0;0;0;0;0;0;0;0;0;1;0;0;0;0;0;0;0;0;0;0;0;0;0;0;0;937;-0,16038217654803955
-1,262241712449912;-0,7514160886839214;-0,2814124594381857;-0,1449167148496482;-0,11483925961236974;0,0;0,27820332849723695;0,5295177567781435;1,0403433805441331;0;0;0;0;0;0;0;0;0;0;0;1;0;0;0;0;0;0;0;0;0;0;0;0;0;0;937;-0,12334090486769078
-1,203972804325936;-0,6931471805599454;-0,2231435513142097;-0,10536051565782589;-0,06507199674371478;0,0;0,1823215567939549;0,4700036292457357;0,9162907318741551;0;0;0;0;0;0;0;0;0;0;0;0;1;0;0;0;0;0;0;0;0;0;0;0;0;0;937;-0,06507199674371478
-1,6655273790851428;-1,0116009116784799;-0,5353667326821103;-0,16038217654803955;-0,16038217654803955;0,0;0,24116205681688818;0,5978370007556206;1,0425228220170757;0;0;0;0;0;0;0;0;0;0;0;0;0;1;0;0;0;0;0;0;0;0;0;0;0;0;937;-0,16038217654803955
-1,6094379124341005;-1,0498221244986778;-0,6931471805599454;-0,2231435513142097;-0,06507199674371478;0,0;0,23111172096338706;0,5306282510621703;0,9162907318741551;0;0;0;0;0;0;0;0;0;0;0;0;0;0;1;0;0;0;0;0;0;0;0;0;0;0;937;-0,06507199674371478
-1,160487692386197;-0,5332984796180495;-0,4705371048518794;-0,4054651081081646;-0,19035372849121845;0,0;0,222610075708066;0,5085831112132126;0,8754687373538994;0;0;0;0;0;0;0;0;0;0;0;0;0;0;0;1;0;0;0;0;0;0;0;0;0;0;937;-0,4705371048518794
-0,9808292530117262;-0,5350756259894505;-0,4700036292457357;-0,2876820724517808;-0,13353139262452274;0,0;0,2231435513142097;0,5232481437645475;0,9162907318741551;0;0;0;0;0;0;0;0;0;0;0;0;0;0;0;0;1;0;0;0;0;0;0;0;0;0;937;-0,5350756259894505
-0,7239188392266991;-0,5658472846562042;-0,5007752879124894;-0,3184537311185345;-0,1292117314800061;0,0;0,19237189264745602;0,528844129268669;0,8855190732074014;0;0;0;0;0;0;0;0;0;0;0;0;0;0;0;0;0;1;0;0;0;0;0;0;0;0;937;-0,5658472846562042
-0,8324092478934526;-0,6931471805599454;-0,5108256237659905;-0,35667494393873245;-0,2231435513142097;0,0;0,2231435513142097;0,4054651081081637;0,916290731874156;0;0;0;0;0;0;0;0;0;0;0;0;0;0;0;0;0;0;1;0;0;0;0;0;0;0;937;-0,7582191773036602
-0,9985288301111277;-0,6620565934899147;-0,502091943797236;-0,37948962170490397;-0,23638877806423064;0,0;0,1726255795550724;0,45675840249571387;0,8351948382159637;0;0;0;0;0;0;0;0;0;0;0;0;0;0;0;0;0;0;0;1;0;0;0;0;0;0;937;-0,70692588291611
-0,7582191773036602;-0,5978370007556206;-0,4307829160924541;-0,2876820724517808;-0,10536051565782589;0,0;0,2231435513142097;0,4054651081081637;0,8109302162163292;0;0;0;0;0;0;0;0;0;0;0;0;0;0;0;0;0;0;0;0;1;0;0;0;0;0;937;-0,7582191773036602
-0,9162907318741551;-0,6931471805599454;-0,5108256237659905;-0,2943710606025771;-0,16251892949777513;0,0;0,2231435513142097;0,4054651081081637;0,916290731874156;0;0;0;0;0;0;0;0;0;0;0;0;0;0;0;0;0;0;0;0;0;1;0;0;0;0;937;-0,7582191773036602
-1,0498221244986778;-0,7339691750802002;-0,5108256237659905;-0,3930425881096067;-0,2231435513142097;0,0;0,1823215567939549;0,4054651081081637;0,8534574227025846;0;0;0;0;0;0;0;0;0;0;0;0;0;0;0;0;0;0;0;0;0;0;1;0;0;0;937;-0,7582191773036602
-0,8109302162163292;-0,6528586616458343;-0,5877866649021195;-0,4054651081081646;-0,1823215567939549;0,0;0,10536051565782589;0,5108256237659896;0,7985076962177713;0;0;0;0;0;0;0;0;0;0;0;0;0;0;0;0;0;0;0;0;0;0;0;1;0;0;937;-0,6528586616458343
-0,944461608840852;-0,6528586616458343;-0,5877866649021195;-0,4054651081081646;-0,1823215567939549;0,0;0,10536051565782589;0,44183275227903884;0,7985076962177713;0;0;0;0;0;0;0;0;0;0;0;0;0;0;0;0;0;0;0;0;0;0;0;0;1;0;937;-0,6528586616458343
-0,8938178760220961;-0,7884573603642702;-0,6061358035703153;-0,38299225225610556;-0,20067069546215066;0,0;0,31015492830383895;0,8209805520698312;1,1574527886910433;0;0;0;0;0;0;0;0;0;0;0;0;0;0;0;0;0;0;0;0;0;0;0;0;0;1;937;-0,8535293571079849
-1,163150809805681;-0,5753641449035616;-0,4859297797959954;-0,3746934494414109;-0,2076393647782444;0,0;0,2231435513142097;0,4462871026284194;0,7827593392496324;0;0;0;0;0;0;0;0;0;0;0;0;0;0;0;0;0;0;0;0;0;0;0;0;0;0;954;-0,5170952367795856
-1,4967916608828684;-0,803644480322923;-0,3981793722147584;-0,3399104640907824;-0,24402869238750036;0,0;0,294967808345187;0,5826498807969678;1,0934755045629583;1;0;0;0;0;0;0;0;0;0;0;0;0;0;0;0;0;0;0;0;0;0;0;0;0;0;954;-0,3399104640907824
-1,3862943611198908;-0,9808292530117262;-0,613104472886409;-0,24739355353766967;-0,212780764278663;0,0;0,2231435513142097;0,5108256237659905;0,9162907318741542;0;1;0;0;0;0;0;0;0;0;0;0;0;0;0;0;0;0;0;0;0;0;0;0;0;0;954;-0,22941316432780479
-1,3217558399823197;-0,762140052046897;-0,4525567156420145;-0,4462871026284194;-0,2231435513142097;0,0;0,2876820724517808;0,6931471805599445;1,2039728043259368;0;0;1;0;0;0;0;0;0;0;0;0;0;0;0;0;0;0;0;0;0;0;0;0;0;0;954;-0,4525567156420145
-1,5686159179138457;-1,09861228866811;-0,6931471805599454;-0,24739355353766967;-0,1823215567939549;0,0;0,2231435513142097;0,5108256237659905;0,9162907318741542;0;0;0;1;0;0;0;0;0;0;0;0;0;0;0;0;0;0;0;0;0;0;0;0;0;0;954;-0,22941316432780479
-1,09861228866811;-0,6286086594223743;-0,4525567156420145;-0,4054651081081646;-0,2231435513142097;0,0;0,2876820724517808;0,6931471805599445;1,2039728043259368;0;0;0;0;1;0;0;0;0;0;0;0;0;0;0;0;0;0;0;0;0;0;0;0;0;0;954;-0,4525567156420145
-1,3217558399823197;-0,6286086594223743;-0,4525567156420145;-0,40746711077883724;-0,2231435513142097;0,0;0,222610075708066;0,5108256237659905;0,9157572562680114;0;0;0;0;0;1;0;0;0;0;0;0;0;0;0;0;0;0;0;0;0;0;0;0;0;0;954;-0,4525567156420145
-1,8500283773520314;-1,156881196792086;-0,7514160886839214;-0,30958333640488256;-0,01798038920986489;0,0;0,22941316432780479;0,4525567156420145;0,9225603448877502;0;0;0;0;0;0;1;0;0;0;0;0;0;0;0;0;0;0;0;0;0;0;0;0;0;0;954;0,0
-1,7917594692280554;-1,2321436812926327;-0,6931471805599454;-0,2876820724517808;-0,22941316432780479;0,0;0,1577157459917542;0,4457536270222757;0,9162907318741542;0;0;0;0;0;0;0;1;0;0;0;0;0;0;0;0;0;0;0;0;0;0;0;0;0;0;954;-0,22941316432780479
-1,6094379124341005;-1,0498221244986778;-0,6931471805599454;-0,2231435513142097;-0,04709160753384989;0,0;0,2623642644674913;0,5877866649021195;1,0296194171811583;0;0;0;0;0;0;0;0;1;0;0;0;0;0;0;0;0;0;0;0;0;0;0;0;0;0;954;-0,04709160753384989
-1,4552872326068425;-0,8754687373539003;-0,4054651081081646;-0,22941316432780479;-0,22941316432780479;0,0;0,2231435513142097;0,5108256237659905;0,9162907318741542;0;0;0;0;0;0;0;0;0;1;0;0;0;0;0;0;0;0;0;0;0;0;0;0;0;0;954;-0,22941316432780479
-1,6094379124341005;-1,09861228866811;-0,6931471805599454;-0,22941316432780479;-0,22941316432780479;0,0;0,20021604667050497;0,5007752879124894;0,9162907318741542;0;0;0;0;0;0;0;0;0;0;1;0;0;0;0;0;0;0;0;0;0;0;0;0;0;0;954;-0,22941316432780479
-1,5686159179138457;-0,8754687373539003;-0,4054651081081646;-0,22941316432780479;-0,2025242641114744;0,0;0,2231435513142097;0,5108256237659905;0,9162907318741542;0;0;0;0;0;0;0;0;0;0;0;1;0;0;0;0;0;0;0;0;0;0;0;0;0;0;954;-0,22941316432780479
-1,1394342831883648;-0,5108256237659905;-0,10536051565782589;-0,04709160753384989;-0,04395188752918244;0,0;0,2623642644674913;0,5877866649021195;0,9162907318741551;0;0;0;0;0;0;0;0;0;0;0;0;1;0;0;0;0;0;0;0;0;0;0;0;0;0;954;-0,04709160753384989
-1,6582280766035327;-0,9650808960435873;-0,5596157879354227;-0,11386216091314694;-0,09588177170328205;0,0;0,29124713861627693;0,6443570163905132;1,049822124498677;0;0;0;0;0;0;0;0;0;0;0;0;0;1;0;0;0;0;0;0;0;0;0;0;0;0;954;-0,09588177170328205
-1,6094379124341005;-1,1394342831883648;-0,6931471805599454;-0,2231435513142097;-0,04709160753384989;0,0;0,2654364635044617;0,5877866649021195;0,9555114450274367;0;0;0;0;0;0;0;0;0;0;0;0;0;0;1;0;0;0;0;0;0;0;0;0;0;0;954;-0,04709160753384989
-1,1907609103537062;-0,5621522509313319;-0,5038833428073559;-0,37208300734655175;-0,19442747080601475;0,0;0,23635544528643937;0,4594989966006491;0,9295026258463848;0;0;0;0;0;0;0;0;0;0;0;0;0;0;0;1;0;0;0;0;0;0;0;0;0;0;954;-0,5038833428073559
-0,9808292530117262;-0,53273045915404;-0,4700036292457357;-0,2876820724517808;-0,13353139262452274;0,0;0,2231435513142097;0,485507815781701;0,9162907318741551;0;0;0;0;0;0;0;0;0;0;0;0;0;0;0;0;1;0;0;0;0;0;0;0;0;0;954;-0,5170952367795856
-0,8109302162163292;-0,6348782724359694;-0,5877866649021195;-0,4054651081081646;-0,1823215567939549;0,0;0,10536051565782589;0,5108256237659896;0,9162907318741551;0;0;0;0;0;0;0;0;0;0;0;0;0;0;0;0;0;1;0;0;0;0;0;0;0;0;954;-0,6348782724359694
-0,9162907318741551;-0,6931471805599454;-0,5108256237659905;-0,2876820724517808;-0,16251892949777513;0,0;0,2231435513142097;0,4054651081081637;0,916290731874156;0;0;0;0;0;0;0;0;0;0;0;0;0;0;0;0;0;0;1;0;0;0;0;0;0;0;954;-0,7402387880937953
-1,0498221244986778;-0,6931471805599454;-0,5108256237659905;-0,37833644071991124;-0,2231435513142097;0,0;0,2231435513142097;0,4054651081081637;0,8754687373539003;0;0;0;0;0;0;0;0;0;0;0;0;0;0;0;0;0;0;0;1;0;0;0;0;0;0;954;-0,7402387880937953
-0,7402387880937953;-0,5108256237659905;-0,3930425881096067;-0,2876820724517808;-0,05129329438755015;0,0;0,2231435513142097;0,4054651081081637;0,916290731874156;0;0;0;0;0;0;0;0;0;0;0;0;0;0;0;0;0;0;0;0;1;0;0;0;0;0;954;-0,7402387880937953
-1,021651247531981;-0,6931471805599454;-0,5108256237659905;-0,2876820724517808;-0,16251892949777513;0,0;0,2231435513142097;0,4700036292457366;0,916290731874156;0;0;0;0;0;0;0;0;0;0;0;0;0;0;0;0;0;0;0;0;0;1;0;0;0;0;954;-0,7402387880937953
-1,0498221244986778;-0,6931471805599454;-0,5108256237659905;-0,35667494393873245;-0,2231435513142097;0,0;0,2231435513142097;0,4054651081081637;0,916290731874156;0;0;0;0;0;0;0;0;0;0;0;0;0;0;0;0;0;0;0;0;0;0;1;0;0;0;954;-0,7402387880937953
-0,9162907318741551;-0,7360546815712219;-0,5108256237659905;-0,2876820724517808;-0,17614069771887308;0,0;0,2231435513142097;0,4054651081081637;0,916290731874156;0;0;0;0;0;0;0;0;0;0;0;0;0;0;0;0;0;0;0;0;0;0;0;1;0;0;954;-0,7402387880937953
-1,09861228866811;-0,6348782724359694;-0,5877866649021195;-0,4054651081081646;-0,1823215567939549;0,0;0,11995351796072651;0,5108256237659896;0,7985076962177713;0;0;0;0;0;0;0;0;0;0;0;0;0;0;0;0;0;0;0;0;0;0;0;0;1;0;954;-0,6348782724359694
-0,9813627286178699;-0,9162907318741551;-0,7339691750802002;-0,5108256237659905;-0,2231435513142097;0,0;0,182321556793954;0,6931471805599463;1,163150809805681;0;0;0;0;0;0;0;0;0;0;0;0;0;0;0;0;0;0;0;0;0;0;0;0;0;1;954;-0,963382339408005
-1,1396262647587214;-0,5518395998566019;-0,446479084198776;-0,2641575274048211;-0,1463744917484373;0,0;0,24666809636116938;0,4698116476753791;0,9398152769211148;0;0;0;0;0;0;0;0;0;0;0;0;0;0;0;0;0;0;0;0;0;0;0;0;0;0;998;-0,44848108686944865
-1,3862943611198908;-0,9162907318741551;-0,4525567156420145;-0,4054651081081646;-0,2231435513142097;0,0;0,2876820724517808;0,6241543090729937;1,0055218656020974;1;0;0;0;0;0;0;0;0;0;0;0;0;0;0;0;0;0;0;0;0;0;0;0;0;0;998;-0,40746711077883724
-1,5686159179138457;-1,09861228866811;-0,6931471805599454;-0,22941316432780479;-0,1823215567939549;0,0;0,2231435513142097;0,5108256237659905;1,0089306831226033;0;1;0;0;0;0;0;0;0;0;0;0;0;0;0;0;0;0;0;0;0;0;0;0;0;0;998;-0,18432355946462753
-1,3217558399823197;-0,6316131684426729;-0,40746711077883724;-0,4054651081081646;-0,2231435513142097;0,0;0,2876820724517808;0,6241543090729937;1,2039728043259368;0;0;1;0;0;0;0;0;0;0;0;0;0;0;0;0;0;0;0;0;0;0;0;0;0;0;998;-0,40746711077883724
-1,6094379124341005;-1,09861228866811;-0,6931471805599454;-0,22941316432780479;-0,1823215567939549;0,0;0,2231435513142097;0,5108256237659905;0,9499189128541392;0;0;0;1;0;0;0;0;0;0;0;0;0;0;0;0;0;0;0;0;0;0;0;0;0;0;998;-0,18432355946462753
-1,09861228866811;-0,6286086594223743;-0,40746711077883724;-0,40746711077883724;-0,2231435513142097;0,0;0,2876820724517808;0,6241543090729937;1,0296194171811583;0;0;0;0;1;0;0;0;0;0;0;0;0;0;0;0;0;0;0;0;0;0;0;0;0;0;998;-0,40746711077883724
-1,3217558399823197;-0,6694306539426282;-0,40746711077883724;-0,40746711077883724;-0,2231435513142097;0,0;0,23638877806423064;0,5108256237659905;0,9808292530117262;0;0;0;0;0;1;0;0;0;0;0;0;0;0;0;0;0;0;0;0;0;0;0;0;0;0;998;-0,40746711077883724
-1,8325814637483102;-1,203972804325936;-0,6931471805599454;-0,2231435513142097;-0,0020020026706726313;0,0;0,1823215567939549;0,4700036292457357;0,9162907318741551;0;0;0;0;0;0;1;0;0;0;0;0;0;0;0;0;0;0;0;0;0;0;0;0;0;0;998;-0,0020020026706726313
-1,8971199848858813;-1,3862943611198908;-0,8754687373539003;-0,34484048629172914;-0,1823215567939549;0,0;0,2231435513142097;0,5108256237659905;0,9808292530117271;0;0;0;0;0;0;0;1;0;0;0;0;0;0;0;0;0;0;0;0;0;0;0;0;0;0;998;-0,18432355946462753
-1,6094379124341005;-1,0498221244986778;-0,6539264674066638;-0,19845093872383845;-0,0020020026706726313;0,0;0,29012907609483296;0,5596157879354227;1,0296194171811583;0;0;0;0;0;0;0;0;1;0;0;0;0;0;0;0;0;0;0;0;0;0;0;0;0;0;998;-0,0020020026706726313
-1,5103470097898697;-0,8754687373539003;-0,4054651081081646;-0,18432355946462753;-0,18432355946462753;0,0;0,2231435513142097;0,5108256237659905;0,9795784711100737;0;0;0;0;0;0;0;0;0;1;0;0;0;0;0;0;0;0;0;0;0;0;0;0;0;0;998;-0,18432355946462753
-1,5686159179138457;-1,09861228866811;-0,613104472886409;-0,18432355946462753;-0,18432355946462753;0,0;0,2231435513142097;0,5108256237659905;0,9162907318741542;0;0;0;0;0;0;0;0;0;0;1;0;0;0;0;0;0;0;0;0;0;0;0;0;0;0;998;-0,18432355946462753
-1,3862943611198908;-0,8754687373539003;-0,4054651081081646;-0,18432355946462753;-0,1823215567939549;0,0;0,2231435513142097;0,5108256237659905;0,9162907318741542;0;0;0;0;0;0;0;0;0;0;0;1;0;0;0;0;0;0;0;0;0;0;0;0;0;0;998;-0,18432355946462753
-1,203972804325936;-0,5108256237659905;-0,15396736329742655;-0,0020020026706726313;-0,0020020026706726313;0,0;0,33647223662121295;0,5877866649021195;0,9555114450274367;0;0;0;0;0;0;0;0;0;0;0;0;1;0;0;0;0;0;0;0;0;0;0;0;0;0;998;-0,0020020026706726313
-1,7047480922384253;-1,0116009116784799;-0,6061358035703153;-0,14240178733817466;-0,0973121824749974;0,0;0,26306332076998906;0,5978370007556206;1,0033021088637843;0;0;0;0;0;0;0;0;0;0;0;0;0;1;0;0;0;0;0;0;0;0;0;0;0;0;998;-0,0973121824749974
-1,6233408176030926;-0,9301936370431472;-0,6117399059246127;-0,159622559518394;-0,015904907839664695;0,0;0,3225693314522209;0,6279509810034032;1,084709383499117;0;0;0;0;0;0;0;0;0;0;0;0;0;0;1;0;0;0;0;0;0;0;0;0;0;0;998;-0,015904907839664695
-1,163150809805681;-0,5753641449035616;-0,4720056319164083;-0,3746934494414109;-0,13353139262452274;0,0;0,2231435513142097;0,485507815781701;0,9162907318741551;0;0;0;0;0;0;0;0;0;0;0;0;0;0;0;1;0;0;0;0;0;0;0;0;0;0;998;-0,4720056319164083
-1,163150809805681;-0,5170952367795856;-0,4700036292457357;-0,2876820724517808;-0,13353139262452274;0,0;0,2231435513142097;0,5596157879354227;0,9162907318741551;0;0;0;0;0;0;0;0;0;0;0;0;0;0;0;0;1;0;0;0;0;0;0;0;0;0;998;-0,4720056319164083
-0,9162907318741551;-0,6931471805599454;-0,5108256237659905;-0,35667494393873245;-0,2231435513142097;0,0;0,2231435513142097;0,4054651081081637;0,916290731874156;0;0;0;0;0;0;0;0;0;0;0;0;0;0;0;0;0;1;0;0;0;0;0;0;0;0;998;-0,695149183230618
-0,7985076962177713;-0,5978370007556206;-0,4307829160924541;-0,2876820724517808;-0,10536051565782589;0,0;0,2623642644674913;0,5306282510621703;0,916290731874156;0;0;0;0;0;0;0;0;0;0;0;0;0;0;0;0;0;0;1;0;0;0;0;0;0;0;998;-0,695149183230618
-1,0498221244986778;-0,6931471805599454;-0,5108256237659905;-0,2876820724517808;-0,16251892949777513;0,0;0,2231435513142097;0,438254930931155;0,916290731874156;0;0;0;0;0;0;0;0;0;0;0;0;0;0;0;0;0;0;0;1;0;0;0;0;0;0;998;-0,695149183230618
-0,7439393474000502;-0,5596157879354227;-0,39410134945784936;-0,27193371548364187;-0,04879016416943216;0,0;0,25131442828090567;0,4212134650763044;0,8675005677047238;0;0;0;0;0;0;0;0;0;0;0;0;0;0;0;0;0;0;0;0;1;0;0;0;0;0;998;-0,7439393474000502
-0,9162907318741551;-0,6931471805599454;-0,5108256237659905;-0,2876820724517808;-0,10536051565782589;0,0;0,2623642644674913;0,5596157879354227;0,916290731874156;0;0;0;0;0;0;0;0;0;0;0;0;0;0;0;0;0;0;0;0;0;1;0;0;0;0;998;-0,695149183230618
-1,203972804325936;-0,695149183230618;-0,5108256237659905;-0,35667494393873245;-0,2231435513142097;0,0;0,2231435513142097;0,4054651081081637;0,916290731874156;0;0;0;0;0;0;0;0;0;0;0;0;0;0;0;0;0;0;0;0;0;0;1;0;0;0;998;-0,695149183230618
-0,9808292530117262;-0,6931471805599454;-0,5108256237659905;-0,2876820724517808;-0,13353139262452274;0,0;0,2231435513142097;0,43178241642554305;0,916290731874156;0;0;0;0;0;0;0;0;0;0;0;0;0;0;0;0;0;0;0;0;0;0;0;1;0;0;998;-0,695149183230618
-1,116990667529878;-0,6438558888430679;-0,6418538861723952;-0,45953232937844035;-0,23638877806423064;0,0;0,05129329438755015;0,45675840249571387;0,7444404749474955;0;0;0;0;0;0;0;0;0;0;0;0;0;0;0;0;0;0;0;0;0;0;0;0;1;0;998;-0,6438558888430679
-1,021651247531981;-0,9162907318741551;-0,7339691750802002;-0,5108256237659905;-0,2231435513142097;0,0;0,182321556793954;0,6931471805599463;1,163150809805681;0;0;0;0;0;0;0;0;0;0;0;0;0;0;0;0;0;0;0;0;0;0;0;0;0;1;998;-0,9182927345448277
-1,2059355134937837;-0,5306282510621703;-0,48661136564539564;-0,34830669426821537;-0,12516314295400566;0,0;0,16251892949777513;0,4989911661189881;0,8556661100577205;0;0;0;0;0;0;0;0;0;0;0;0;0;0;0;0;0;0;0;0;0;0;0;0;0;0;1039;-0,49236953894507973
-1,6094379124341005;-0,9162907318741551;-0,4054651081081646;-0,3672063959910741;-0,2231435513142097;0,0;0,2876820724517808;0,5500463369192721;1,09861228866811;1;0;0;0;0;0;0;0;0;0;0;0;0;0;0;0;0;0;0;0;0;0;0;0;0;0;1039;-0,3672063959910741
-1,4264761507527224;-0,9972945160272362;-0,5791782903655189;-0,22250334642678649;-0,17848646101001187;0,0;0,2475002828189492;0,4706438341331589;0,8761089422413226;0;1;0;0;0;0;0;0;0;0;0;0;0;0;0;0;0;0;0;0;0;0;0;0;0;0;1039;-0,18424463430969595
-1,09861228866811;-0,6286086594223743;-0,4054651081081646;-0,3672063959910741;-0,2231435513142097;0,0;0,2876820724517808;0,6241543090729937;1,09861228866811;0;0;1;0;0;0;0;0;0;0;0;0;0;0;0;0;0;0;0;0;0;0;0;0;0;0;1039;-0,3672063959910741
-1,4663370687934272;-1,0608719606852626;-0,6190392084062237;-0,2623642644674913;-0,21834737905071666;0,0;0,2076393647782444;0,4795730802618863;1,0185695809945727;0;0;0;1;0;0;0;0;0;0;0;0;0;0;0;0;0;0;0;0;0;0;0;0;0;0;1039;-0,22410555235040075
-1,09861228866811;-0,762140052046897;-0,40746711077883724;-0,36144822269139;-0,2231435513142097;0,0;0,2876820724517808;0,6931471805599445;1,2039728043259368;0;0;0;0;1;0;0;0;0;0;0;0;0;0;0;0;0;0;0;0;0;0;0;0;0;0;1039;-0,3672063959910741
-1,203972804325936;-0,6286086594223743;-0,4054651081081646;-0,36144822269139;-0,2231435513142097;0,0;0,2876820724517808;0,6241543090729937;1,0176432261344432;0;0;0;0;0;1;0;0;0;0;0;0;0;0;0;0;0;0;0;0;0;0;0;0;0;0;1039;-0,3672063959910741
-1,8159737273486494;-1,2479896897427105;-0,73716406597672;-0,26716043673098433;-0,04401688541677462;0,0;0,21834737905071666;0,5437697794853449;0,9492348875935086;0;0;0;0;0;0;1;0;0;0;0;0;0;0;0;0;0;0;0;0;0;0;0;0;0;0;1039;-0,005758173299684088
-1,8079608485660632;-1,1148136680061178;-0,7093485598979532;-0,20052493880263533;-0,15450605071518808;0,0;0,2448800113165941;0,4946242444279827;0,9646278736737193;0;0;0;0;0;0;0;1;0;0;0;0;0;0;0;0;0;0;0;0;0;0;0;0;0;0;1039;-0,16026422401487217
-1,7047480922384253;-1,0116009116784799;-0,6061358035703153;-0,0973121824749974;-0,057051467687234236;0,0;0,31015492830383984;0,5978370007556206;1,0033021088637843;0;0;0;0;0;0;0;0;1;0;0;0;0;0;0;0;0;0;0;0;0;0;0;0;0;0;1039;-0,057051467687234236
-1,5404450409471488;-1,0296194171811583;-0,5596157879354227;-0,33647223662121295;-0,29245535120443833;0,0;0,25131442828090655;0,4519851237430572;0,9714280570706668;0;0;0;0;0;0;0;0;0;1;0;0;0;0;0;0;0;0;0;0;0;0;0;0;0;0;1039;-0,2982135245041224
-1,5686159179138457;-0,9808292530117262;-0,5389965007326873;-0,1823215567939549;-0,13830467137718028;0,0;0,2231435513142097;0,5108256237659905;0,9162907318741542;0;0;0;0;0;0;0;0;0;0;1;0;0;0;0;0;0;0;0;0;0;0;0;0;0;0;1039;-0,14406284467686437
-1,3862943611198908;-0,8754687373539003;-0,4054651081081646;-0,1823215567939549;-0,13830467137718028;0,0;0,2231435513142097;0,5108256237659905;0,9162907318741542;0;0;0;0;0;0;0;0;0;0;0;1;0;0;0;0;0;0;0;0;0;0;0;0;0;0;1039;-0,14406284467686437
-1,2992829841302607;-0,6931471805599454;-0,257829109302099;-0,09531017980432477;-0,057051467687234236;0,0;0,24116205681688818;0,595834998084948;0,9343092373768336;0;0;0;0;0;0;0;0;0;0;0;0;1;0;0;0;0;0;0;0;0;0;0;0;0;0;1039;-0,057051467687234236
-1,7047480922384253;-1,0116009116784799;-0,6061358035703153;-0,0973121824749974;-0,057051467687234236;0,0;0,30882070529070305;0,5978370007556206;1,0033021088637843;0;0;0;0;0;0;0;0;0;0;0;0;0;1;0;0;0;0;0;0;0;0;0;0;0;0;1039;-0,057051467687234236
-1,7047480922384253;-1,0116009116784799;-0,7419555267128501;-0,3184537311185345;-0,057051467687234236;0,0;0,3081529256331672;0,5978370007556206;1,0033021088637843;0;0;0;0;0;0;0;0;0;0;0;0;0;0;1;0;0;0;0;0;0;0;0;0;0;0;1039;-0,057051467687234236
-1,280933845462065;-0,5897886675727921;-0,5437697794853449;-0,4054651081081646;-0,1823215567939549;0,0;0,10536051565782589;0,44183275227903884;0,7985076962177713;0;0;0;0;0;0;0;0;0;0;0;0;0;0;0;1;0;0;0;0;0;0;0;0;0;0;1039;-0,549527952785029
-1,2019708016552633;-0,6911451778892728;-0,6471282924724981;-0,5088236210953179;-0,28568006978110816;0,0;0,1417639450458319;0,40746711077883635;0,8129322188870018;0;0;0;0;0;0;0;0;0;0;0;0;0;0;0;0;1;0;0;0;0;0;0;0;0;0;1039;-0,6528864657721822
-0,9162907318741551;-0,6931471805599454;-0,5108256237659905;-0,35667494393873245;-0,2231435513142097;0,0;0,2231435513142097;0,5306282510621703;0,916290731874156;0;0;0;0;0;0;0;0;0;0;0;0;0;0;0;0;0;1;0;0;0;0;0;0;0;0;1039;-0,6548884684428549
-0,8938178760220961;-0,6931471805599454;-0,4519851237430572;-0,32133287186937665;-0,09531017980432477;0,0;0,29334780998745824;0,4643056081310979;0,8209805520698312;0;0;0;0;0;0;0;0;0;0;0;0;0;0;0;0;0;0;1;0;0;0;0;0;0;0;1039;-0,7501986482471796
-0,9162907318741551;-0,6491302951431708;-0,4307829160924541;-0,2876820724517808;-0,10536051565782589;0,0;0,2623642644674913;0,5596157879354227;0,916290731874156;0;0;0;0;0;0;0;0;0;0;0;0;0;0;0;0;0;0;0;1;0;0;0;0;0;0;1039;-0,6548884684428549
-0,8754687373539003;-0,613104472886409;-0,4700036292457357;-0,34484048629173003;-0,1823215567939549;0,0;0,22314355131420882;0,37729423114146776;0,7339691750802011;0;0;0;0;0;0;0;0;0;0;0;0;0;0;0;0;0;0;0;0;1;0;0;0;0;0;1039;-0,8372100252368098
-0,9650808960435873;-0,6979204593126029;-0,4795730802618863;-0,33647223662121295;-0,10008345855698231;0,0;0,2876820724517808;0,5108256237659905;0,8675005677047238;0;0;0;0;0;0;0;0;0;0;0;0;0;0;0;0;0;0;0;0;0;1;0;0;0;0;1039;-0,703678632612287
-1,203972804325936;-0,6931471805599454;-0,5108256237659905;-0,2876820724517808;-0,10536051565782589;0,0;0,2623642644674913;0,5596157879354227;0,916290731874156;0;0;0;0;0;0;0;0;0;0;0;0;0;0;0;0;0;0;0;0;0;0;1;0;0;0;1039;-0,6548884684428549
-0,9162907318741551;-0,6539264674066638;-0,5108256237659905;-0,2876820724517808;-0,10536051565782589;0,0;0,2231435513142097;0,4054651081081637;0,916290731874156;0;0;0;0;0;0;0;0;0;0;0;0;0;0;0;0;0;0;0;0;0;0;0;1;0;0;1039;-0,6548884684428549
-1,0498221244986778;-0,6931471805599454;-0,5978370007556206;-0,4307829160924541;-0,2876820724517808;0,0;0,13976194237515926;0,4054651081081637;0,788457360364271;0;0;0;0;0;0;0;0;0;0;0;0;0;0;0;0;0;0;0;0;0;0;0;0;1;0;1039;-0,6548884684428549
-1,021651247531981;-0,8209805520698303;-0,6539264674066638;-0,5108256237659905;-0,2231435513142097;0,0;0,24873332231320422;0,6931471805599463;1,163150809805681;0;0;0;0;0;0;0;0;0;0;0;0;0;0;0;0;0;0;0;0;0;0;0;0;0;1;1039;-0,8780320197570646
